observation_date,component,series_id,period_date,value,vintage_date
2021-01-04,cpi,CPIAUCSL,2020-11-01,260.817,2021-01-03
2021-01-04,unemployment,UNRATE,2020-11-01,6.7,2021-01-03
2021-01-04,monetary_rate,FEDFUNDS,2020-11-01,0.09,2021-01-03
2021-01-04,gdp_growth,A191RL1Q225SBEA,2020-07-01,33.4,2021-01-03
2021-01-04,cpi_comparison,CPIAUCSL,2019-11-01,257.824,2021-01-03
2021-02-02,cpi,CPIAUCSL,2020-12-01,261.775,2021-02-01
2021-02-02,unemployment,UNRATE,2020-12-01,6.7,2021-02-01
2021-02-02,monetary_rate,FEDFUNDS,2021-01-01,0.09,2021-02-01
2021-02-02,gdp_growth,A191RL1Q225SBEA,2020-10-01,4.0,2021-02-01
2021-02-02,cpi_comparison,CPIAUCSL,2019-12-01,258.444,2021-02-01
2021-03-03,cpi,CPIAUCSL,2021-01-01,262.231,2021-03-02
2021-03-03,unemployment,UNRATE,2021-01-01,6.3,2021-03-02
2021-03-03,monetary_rate,FEDFUNDS,2021-02-01,0.08,2021-03-02
2021-03-03,gdp_growth,A191RL1Q225SBEA,2020-10-01,4.1,2021-03-02
2021-03-03,cpi_comparison,CPIAUCSL,2020-01-01,258.687,2021-03-02
2021-03-31,cpi,CPIAUCSL,2021-02-01,263.161,2021-03-30
2021-03-31,unemployment,UNRATE,2021-02-01,6.2,2021-03-30
2021-03-31,monetary_rate,FEDFUNDS,2021-02-01,0.08,2021-03-30
2021-03-31,gdp_growth,A191RL1Q225SBEA,2020-10-01,4.3,2021-03-30
2021-03-31,cpi_comparison,CPIAUCSL,2020-02-01,258.824,2021-03-30
2021-04-29,cpi,CPIAUCSL,2021-03-01,264.793,2021-04-28
2021-04-29,unemployment,UNRATE,2021-03-01,6.0,2021-04-28
2021-04-29,monetary_rate,FEDFUNDS,2021-03-01,0.07,2021-04-28
2021-04-29,gdp_growth,A191RL1Q225SBEA,2020-10-01,4.3,2021-04-28
2021-04-29,cpi_comparison,CPIAUCSL,2020-03-01,257.989,2021-04-28
2021-05-27,cpi,CPIAUCSL,2021-04-01,266.832,2021-05-26
2021-05-27,unemployment,UNRATE,2021-04-01,6.1,2021-05-26
2021-05-27,monetary_rate,FEDFUNDS,2021-04-01,0.07,2021-05-26
2021-05-27,gdp_growth,A191RL1Q225SBEA,2021-01-01,6.4,2021-05-26
2021-05-27,cpi_comparison,CPIAUCSL,2020-04-01,256.192,2021-05-26
2021-06-25,cpi,CPIAUCSL,2021-05-01,268.551,2021-06-24
2021-06-25,unemployment,UNRATE,2021-05-01,5.8,2021-06-24
2021-06-25,monetary_rate,FEDFUNDS,2021-05-01,0.06,2021-06-24
2021-06-25,gdp_growth,A191RL1Q225SBEA,2021-01-01,6.4,2021-06-24
2021-06-25,cpi_comparison,CPIAUCSL,2020-05-01,255.942,2021-06-24
2021-07-26,cpi,CPIAUCSL,2021-06-01,270.981,2021-07-25
2021-07-26,unemployment,UNRATE,2021-06-01,5.9,2021-07-25
2021-07-26,monetary_rate,FEDFUNDS,2021-06-01,0.08,2021-07-25
2021-07-26,gdp_growth,A191RL1Q225SBEA,2021-01-01,6.4,2021-07-25
2021-07-26,cpi_comparison,CPIAUCSL,2020-06-01,257.282,2021-07-25
2021-08-23,cpi,CPIAUCSL,2021-07-01,272.265,2021-08-22
2021-08-23,unemployment,UNRATE,2021-07-01,5.4,2021-08-22
2021-08-23,monetary_rate,FEDFUNDS,2021-07-01,0.1,2021-08-22
2021-08-23,gdp_growth,A191RL1Q225SBEA,2021-04-01,6.5,2021-08-22
2021-08-23,cpi_comparison,CPIAUCSL,2020-07-01,258.604,2021-08-22
2021-09-21,cpi,CPIAUCSL,2021-08-01,273.012,2021-09-20
2021-09-21,unemployment,UNRATE,2021-08-01,5.2,2021-09-20
2021-09-21,monetary_rate,FEDFUNDS,2021-08-01,0.09,2021-09-20
2021-09-21,gdp_growth,A191RL1Q225SBEA,2021-04-01,6.6,2021-09-20
2021-09-21,cpi_comparison,CPIAUCSL,2020-08-01,259.511,2021-09-20
2021-10-19,cpi,CPIAUCSL,2021-09-01,274.138,2021-10-18
2021-10-19,unemployment,UNRATE,2021-09-01,4.8,2021-10-18
2021-10-19,monetary_rate,FEDFUNDS,2021-09-01,0.08,2021-10-18
2021-10-19,gdp_growth,A191RL1Q225SBEA,2021-04-01,6.7,2021-10-18
2021-10-19,cpi_comparison,CPIAUCSL,2020-09-01,260.149,2021-10-18
2021-11-16,cpi,CPIAUCSL,2021-10-01,276.724,2021-11-15
2021-11-16,unemployment,UNRATE,2021-10-01,4.6,2021-11-15
2021-11-16,monetary_rate,FEDFUNDS,2021-10-01,0.08,2021-11-15
2021-11-16,gdp_growth,A191RL1Q225SBEA,2021-07-01,2.0,2021-11-15
2021-11-16,cpi_comparison,CPIAUCSL,2020-10-01,260.462,2021-11-15
2021-12-15,cpi,CPIAUCSL,2021-11-01,278.88,2021-12-14
2021-12-15,unemployment,UNRATE,2021-11-01,4.2,2021-12-14
2021-12-15,monetary_rate,FEDFUNDS,2021-11-01,0.08,2021-12-14
2021-12-15,gdp_growth,A191RL1Q225SBEA,2021-07-01,2.1,2021-12-14
2021-12-15,cpi_comparison,CPIAUCSL,2020-11-01,260.927,2021-12-14
2022-01-13,cpi,CPIAUCSL,2021-12-01,280.192,2022-01-12
2022-01-13,unemployment,UNRATE,2021-12-01,3.9,2022-01-12
2022-01-13,monetary_rate,FEDFUNDS,2021-12-01,0.08,2022-01-12
2022-01-13,gdp_growth,A191RL1Q225SBEA,2021-07-01,2.3,2022-01-12
2022-01-13,cpi_comparison,CPIAUCSL,2020-12-01,261.56,2022-01-12
2022-02-11,cpi,CPIAUCSL,2022-01-01,281.933,2022-02-10
2022-02-11,unemployment,UNRATE,2022-01-01,4.0,2022-02-10
2022-02-11,monetary_rate,FEDFUNDS,2022-01-01,0.08,2022-02-10
2022-02-11,gdp_growth,A191RL1Q225SBEA,2021-10-01,6.9,2022-02-10
2022-02-11,cpi_comparison,CPIAUCSL,2021-01-01,262.2,2022-02-10
2022-03-14,cpi,CPIAUCSL,2022-02-01,284.182,2022-03-13
2022-03-14,unemployment,UNRATE,2022-02-01,3.8,2022-03-13
2022-03-14,monetary_rate,FEDFUNDS,2022-02-01,0.08,2022-03-13
2022-03-14,gdp_growth,A191RL1Q225SBEA,2021-10-01,7.0,2022-03-13
2022-03-14,cpi_comparison,CPIAUCSL,2021-02-01,263.346,2022-03-13
2022-04-11,cpi,CPIAUCSL,2022-02-01,284.182,2022-04-10
2022-04-11,unemployment,UNRATE,2022-03-01,3.6,2022-04-10
2022-04-11,monetary_rate,FEDFUNDS,2022-03-01,0.2,2022-04-10
2022-04-11,gdp_growth,A191RL1Q225SBEA,2021-10-01,6.9,2022-04-10
2022-04-11,cpi_comparison,CPIAUCSL,2021-02-01,263.346,2022-04-10
2022-05-10,cpi,CPIAUCSL,2022-03-01,287.708,2022-05-09
2022-05-10,unemployment,UNRATE,2022-04-01,3.6,2022-05-09
2022-05-10,monetary_rate,FEDFUNDS,2022-04-01,0.33,2022-05-09
2022-05-10,gdp_growth,A191RL1Q225SBEA,2022-01-01,-1.4,2022-05-09
2022-05-10,cpi_comparison,CPIAUCSL,2021-03-01,265.028,2022-05-09
2022-06-08,cpi,CPIAUCSL,2022-04-01,288.663,2022-06-07
2022-06-08,unemployment,UNRATE,2022-05-01,3.6,2022-06-07
2022-06-08,monetary_rate,FEDFUNDS,2022-05-01,0.77,2022-06-07
2022-06-08,gdp_growth,A191RL1Q225SBEA,2022-01-01,-1.5,2022-06-07
2022-06-08,cpi_comparison,CPIAUCSL,2021-04-01,266.727,2022-06-07
2022-07-08,cpi,CPIAUCSL,2022-05-01,291.474,2022-07-07
2022-07-08,unemployment,UNRATE,2022-05-01,3.6,2022-07-07
2022-07-08,monetary_rate,FEDFUNDS,2022-06-01,1.21,2022-07-07
2022-07-08,gdp_growth,A191RL1Q225SBEA,2022-01-01,-1.6,2022-07-07
2022-07-08,cpi_comparison,CPIAUCSL,2021-05-01,268.599,2022-07-07
2022-08-05,cpi,CPIAUCSL,2022-06-01,295.328,2022-08-04
2022-08-05,unemployment,UNRATE,2022-06-01,3.6,2022-08-04
2022-08-05,monetary_rate,FEDFUNDS,2022-07-01,1.68,2022-08-04
2022-08-05,gdp_growth,A191RL1Q225SBEA,2022-04-01,-0.9,2022-08-04
2022-08-05,cpi_comparison,CPIAUCSL,2021-06-01,270.955,2022-08-04
2022-09-02,cpi,CPIAUCSL,2022-07-01,295.271,2022-09-01
2022-09-02,unemployment,UNRATE,2022-07-01,3.5,2022-09-01
2022-09-02,monetary_rate,FEDFUNDS,2022-08-01,2.33,2022-09-01
2022-09-02,gdp_growth,A191RL1Q225SBEA,2022-04-01,-0.6,2022-09-01
2022-09-02,cpi_comparison,CPIAUCSL,2021-07-01,272.184,2022-09-01
2022-10-03,cpi,CPIAUCSL,2022-08-01,295.62,2022-10-02
2022-10-03,unemployment,UNRATE,2022-08-01,3.7,2022-10-02
2022-10-03,monetary_rate,FEDFUNDS,2022-08-01,2.33,2022-10-02
2022-10-03,gdp_growth,A191RL1Q225SBEA,2022-04-01,-0.6,2022-10-02
2022-10-03,cpi_comparison,CPIAUCSL,2021-08-01,273.092,2022-10-02
2022-10-31,cpi,CPIAUCSL,2022-09-01,296.761,2022-10-30
2022-10-31,unemployment,UNRATE,2022-09-01,3.5,2022-10-30
2022-10-31,monetary_rate,FEDFUNDS,2022-09-01,2.56,2022-10-30
2022-10-31,gdp_growth,A191RL1Q225SBEA,2022-07-01,2.6,2022-10-30
2022-10-31,cpi_comparison,CPIAUCSL,2021-09-01,274.214,2022-10-30
2022-11-29,cpi,CPIAUCSL,2022-10-01,298.062,2022-11-28
2022-11-29,unemployment,UNRATE,2022-10-01,3.7,2022-11-28
2022-11-29,monetary_rate,FEDFUNDS,2022-10-01,3.08,2022-11-28
2022-11-29,gdp_growth,A191RL1Q225SBEA,2022-07-01,2.6,2022-11-28
2022-11-29,cpi_comparison,CPIAUCSL,2021-10-01,276.59,2022-11-28
2022-12-28,cpi,CPIAUCSL,2022-11-01,298.349,2022-12-27
2022-12-28,unemployment,UNRATE,2022-11-01,3.7,2022-12-27
2022-12-28,monetary_rate,FEDFUNDS,2022-11-01,3.78,2022-12-27
2022-12-28,gdp_growth,A191RL1Q225SBEA,2022-07-01,3.2,2022-12-27
2022-12-28,cpi_comparison,CPIAUCSL,2021-11-01,278.524,2022-12-27
2023-01-27,cpi,CPIAUCSL,2022-12-01,298.112,2023-01-26
2023-01-27,unemployment,UNRATE,2022-12-01,3.5,2023-01-26
2023-01-27,monetary_rate,FEDFUNDS,2022-12-01,4.1,2023-01-26
2023-01-27,gdp_growth,A191RL1Q225SBEA,2022-10-01,2.9,2023-01-26
2023-01-27,cpi_comparison,CPIAUCSL,2021-12-01,280.126,2023-01-26
2023-02-27,cpi,CPIAUCSL,2023-01-01,300.536,2023-02-26
2023-02-27,unemployment,UNRATE,2023-01-01,3.4,2023-02-26
2023-02-27,monetary_rate,FEDFUNDS,2023-01-01,4.33,2023-02-26
2023-02-27,gdp_growth,A191RL1Q225SBEA,2022-10-01,2.7,2023-02-26
2023-02-27,cpi_comparison,CPIAUCSL,2022-01-01,282.599,2023-02-26
2023-03-27,cpi,CPIAUCSL,2023-02-01,301.648,2023-03-26
2023-03-27,unemployment,UNRATE,2023-02-01,3.6,2023-03-26
2023-03-27,monetary_rate,FEDFUNDS,2023-02-01,4.57,2023-03-26
2023-03-27,gdp_growth,A191RL1Q225SBEA,2022-10-01,2.7,2023-03-26
2023-03-27,cpi_comparison,CPIAUCSL,2022-02-01,284.61,2023-03-26
2023-04-25,cpi,CPIAUCSL,2023-03-01,301.808,2023-04-24
2023-04-25,unemployment,UNRATE,2023-03-01,3.5,2023-04-24
2023-04-25,monetary_rate,FEDFUNDS,2023-03-01,4.65,2023-04-24
2023-04-25,gdp_growth,A191RL1Q225SBEA,2022-10-01,2.6,2023-04-24
2023-04-25,cpi_comparison,CPIAUCSL,2022-03-01,287.472,2023-04-24
2023-05-23,cpi,CPIAUCSL,2023-04-01,302.918,2023-05-22
2023-05-23,unemployment,UNRATE,2023-04-01,3.4,2023-05-22
2023-05-23,monetary_rate,FEDFUNDS,2023-04-01,4.83,2023-05-22
2023-05-23,gdp_growth,A191RL1Q225SBEA,2023-01-01,1.1,2023-05-22
2023-05-23,cpi_comparison,CPIAUCSL,2022-04-01,288.611,2023-05-22
2023-06-22,cpi,CPIAUCSL,2023-05-01,303.294,2023-06-21
2023-06-22,unemployment,UNRATE,2023-05-01,3.7,2023-06-21
2023-06-22,monetary_rate,FEDFUNDS,2023-05-01,5.06,2023-06-21
2023-06-22,gdp_growth,A191RL1Q225SBEA,2023-01-01,1.3,2023-06-21
2023-06-22,cpi_comparison,CPIAUCSL,2022-05-01,291.268,2023-06-21
2023-07-21,cpi,CPIAUCSL,2023-06-01,303.841,2023-07-20
2023-07-21,unemployment,UNRATE,2023-06-01,3.6,2023-07-20
2023-07-21,monetary_rate,FEDFUNDS,2023-06-01,5.08,2023-07-20
2023-07-21,gdp_growth,A191RL1Q225SBEA,2023-01-01,2.0,2023-07-20
2023-07-21,cpi_comparison,CPIAUCSL,2022-06-01,294.728,2023-07-20
2023-08-18,cpi,CPIAUCSL,2023-07-01,304.348,2023-08-17
2023-08-18,unemployment,UNRATE,2023-07-01,3.5,2023-08-17
2023-08-18,monetary_rate,FEDFUNDS,2023-07-01,5.12,2023-08-17
2023-08-18,gdp_growth,A191RL1Q225SBEA,2023-04-01,2.4,2023-08-17
2023-08-18,cpi_comparison,CPIAUCSL,2022-07-01,294.628,2023-08-17
2023-09-18,cpi,CPIAUCSL,2023-08-01,306.269,2023-09-17
2023-09-18,unemployment,UNRATE,2023-08-01,3.8,2023-09-17
2023-09-18,monetary_rate,FEDFUNDS,2023-08-01,5.33,2023-09-17
2023-09-18,gdp_growth,A191RL1Q225SBEA,2023-04-01,2.1,2023-09-17
2023-09-18,cpi_comparison,CPIAUCSL,2022-08-01,295.32,2023-09-17
2023-10-16,cpi,CPIAUCSL,2023-09-01,307.481,2023-10-15
2023-10-16,unemployment,UNRATE,2023-09-01,3.8,2023-10-15
2023-10-16,monetary_rate,FEDFUNDS,2023-09-01,5.33,2023-10-15
2023-10-16,gdp_growth,A191RL1Q225SBEA,2023-04-01,2.1,2023-10-15
2023-10-16,cpi_comparison,CPIAUCSL,2022-09-01,296.539,2023-10-15
2023-11-13,cpi,CPIAUCSL,2023-09-01,307.481,2023-11-12
2023-11-13,unemployment,UNRATE,2023-10-01,3.9,2023-11-12
2023-11-13,monetary_rate,FEDFUNDS,2023-10-01,5.33,2023-11-12
2023-11-13,gdp_growth,A191RL1Q225SBEA,2023-07-01,4.9,2023-11-12
2023-11-13,cpi_comparison,CPIAUCSL,2022-09-01,296.539,2023-11-12
2023-12-12,cpi,CPIAUCSL,2023-10-01,307.619,2023-12-11
2023-12-12,unemployment,UNRATE,2023-11-01,3.7,2023-12-11
2023-12-12,monetary_rate,FEDFUNDS,2023-11-01,5.33,2023-12-11
2023-12-12,gdp_growth,A191RL1Q225SBEA,2023-07-01,5.2,2023-12-11
2023-12-12,cpi_comparison,CPIAUCSL,2022-10-01,297.987,2023-12-11
2024-01-11,cpi,CPIAUCSL,2023-11-01,307.917,2024-01-10
2024-01-11,unemployment,UNRATE,2023-12-01,3.7,2024-01-10
2024-01-11,monetary_rate,FEDFUNDS,2023-12-01,5.33,2024-01-10
2024-01-11,gdp_growth,A191RL1Q225SBEA,2023-07-01,4.9,2024-01-10
2024-01-11,cpi_comparison,CPIAUCSL,2022-11-01,298.598,2024-01-10
2024-02-09,cpi,CPIAUCSL,2023-12-01,308.85,2024-02-08
2024-02-09,unemployment,UNRATE,2024-01-01,3.7,2024-02-08
2024-02-09,monetary_rate,FEDFUNDS,2024-01-01,5.33,2024-02-08
2024-02-09,gdp_growth,A191RL1Q225SBEA,2023-10-01,3.3,2024-02-08
2024-02-09,cpi_comparison,CPIAUCSL,2022-12-01,298.99,2024-02-08
2024-03-11,cpi,CPIAUCSL,2024-01-01,309.685,2024-03-10
2024-03-11,unemployment,UNRATE,2024-02-01,3.9,2024-03-10
2024-03-11,monetary_rate,FEDFUNDS,2024-02-01,5.33,2024-03-10
2024-03-11,gdp_growth,A191RL1Q225SBEA,2023-10-01,3.2,2024-03-10
2024-03-11,cpi_comparison,CPIAUCSL,2023-01-01,300.356,2024-03-10
2024-04-09,cpi,CPIAUCSL,2024-02-01,311.054,2024-04-08
2024-04-09,unemployment,UNRATE,2024-03-01,3.8,2024-04-08
2024-04-09,monetary_rate,FEDFUNDS,2024-03-01,5.33,2024-04-08
2024-04-09,gdp_growth,A191RL1Q225SBEA,2023-10-01,3.4,2024-04-08
2024-04-09,cpi_comparison,CPIAUCSL,2023-02-01,301.509,2024-04-08
2024-05-07,cpi,CPIAUCSL,2024-03-01,312.23,2024-05-06
2024-05-07,unemployment,UNRATE,2024-04-01,3.9,2024-05-06
2024-05-07,monetary_rate,FEDFUNDS,2024-04-01,5.33,2024-05-06
2024-05-07,gdp_growth,A191RL1Q225SBEA,2024-01-01,1.6,2024-05-06
2024-05-07,cpi_comparison,CPIAUCSL,2023-03-01,301.744,2024-05-06
2024-06-05,cpi,CPIAUCSL,2024-04-01,313.207,2024-06-04
2024-06-05,unemployment,UNRATE,2024-04-01,3.9,2024-06-04
2024-06-05,monetary_rate,FEDFUNDS,2024-05-01,5.33,2024-06-04
2024-06-05,gdp_growth,A191RL1Q225SBEA,2024-01-01,1.3,2024-06-04
2024-06-05,cpi_comparison,CPIAUCSL,2023-04-01,303.032,2024-06-04
2024-07-05,cpi,CPIAUCSL,2024-05-01,313.225,2024-07-04
2024-07-05,unemployment,UNRATE,2024-05-01,4.0,2024-07-04
2024-07-05,monetary_rate,FEDFUNDS,2024-06-01,5.33,2024-07-04
2024-07-05,gdp_growth,A191RL1Q225SBEA,2024-01-01,1.4,2024-07-04
2024-07-05,cpi_comparison,CPIAUCSL,2023-05-01,303.365,2024-07-04
2024-08-02,cpi,CPIAUCSL,2024-06-01,313.049,2024-08-01
2024-08-02,unemployment,UNRATE,2024-06-01,4.1,2024-08-01
2024-08-02,monetary_rate,FEDFUNDS,2024-07-01,5.33,2024-08-01
2024-08-02,gdp_growth,A191RL1Q225SBEA,2024-04-01,2.8,2024-08-01
2024-08-02,cpi_comparison,CPIAUCSL,2023-06-01,304.003,2024-08-01
2024-08-30,cpi,CPIAUCSL,2024-07-01,313.534,2024-08-29
2024-08-30,unemployment,UNRATE,2024-07-01,4.3,2024-08-29
2024-08-30,monetary_rate,FEDFUNDS,2024-07-01,5.33,2024-08-29
2024-08-30,gdp_growth,A191RL1Q225SBEA,2024-04-01,3.0,2024-08-29
2024-08-30,cpi_comparison,CPIAUCSL,2023-07-01,304.628,2024-08-29
2024-09-30,cpi,CPIAUCSL,2024-08-01,314.121,2024-09-29
2024-09-30,unemployment,UNRATE,2024-08-01,4.2,2024-09-29
2024-09-30,monetary_rate,FEDFUNDS,2024-08-01,5.33,2024-09-29
2024-09-30,gdp_growth,A191RL1Q225SBEA,2024-04-01,3.0,2024-09-29
2024-09-30,cpi_comparison,CPIAUCSL,2023-08-01,306.187,2024-09-29
2024-10-28,cpi,CPIAUCSL,2024-09-01,314.686,2024-10-27
2024-10-28,unemployment,UNRATE,2024-09-01,4.1,2024-10-27
2024-10-28,monetary_rate,FEDFUNDS,2024-09-01,5.13,2024-10-27
2024-10-28,gdp_growth,A191RL1Q225SBEA,2024-04-01,3.0,2024-10-27
2024-10-28,cpi_comparison,CPIAUCSL,2023-09-01,307.288,2024-10-27
2024-11-25,cpi,CPIAUCSL,2024-10-01,315.454,2024-11-24
2024-11-25,unemployment,UNRATE,2024-10-01,4.1,2024-11-24
2024-11-25,monetary_rate,FEDFUNDS,2024-10-01,4.83,2024-11-24
2024-11-25,gdp_growth,A191RL1Q225SBEA,2024-07-01,2.8,2024-11-24
2024-11-25,cpi_comparison,CPIAUCSL,2023-10-01,307.531,2024-11-24
2024-12-24,cpi,CPIAUCSL,2024-11-01,316.441,2024-12-23
2024-12-24,unemployment,UNRATE,2024-11-01,4.2,2024-12-23
2024-12-24,monetary_rate,FEDFUNDS,2024-11-01,4.64,2024-12-23
2024-12-24,gdp_growth,A191RL1Q225SBEA,2024-07-01,3.1,2024-12-23
2024-12-24,cpi_comparison,CPIAUCSL,2023-11-01,308.024,2024-12-23
2025-01-27,cpi,CPIAUCSL,2024-12-01,317.685,2025-01-26
2025-01-27,unemployment,UNRATE,2024-12-01,4.1,2025-01-26
2025-01-27,monetary_rate,FEDFUNDS,2024-12-01,4.48,2025-01-26
2025-01-27,gdp_growth,A191RL1Q225SBEA,2024-07-01,3.1,2025-01-26
2025-01-27,cpi_comparison,CPIAUCSL,2023-12-01,308.742,2025-01-26
2025-02-25,cpi,CPIAUCSL,2025-01-01,319.086,2025-02-24
2025-02-25,unemployment,UNRATE,2025-01-01,4.0,2025-02-24
2025-02-25,monetary_rate,FEDFUNDS,2025-01-01,4.33,2025-02-24
2025-02-25,gdp_growth,A191RL1Q225SBEA,2024-10-01,2.3,2025-02-24
2025-02-25,cpi_comparison,CPIAUCSL,2024-01-01,309.794,2025-02-24
2025-03-25,cpi,CPIAUCSL,2025-02-01,319.775,2025-03-24
2025-03-25,unemployment,UNRATE,2025-02-01,4.1,2025-03-24
2025-03-25,monetary_rate,FEDFUNDS,2025-02-01,4.33,2025-03-24
2025-03-25,gdp_growth,A191RL1Q225SBEA,2024-10-01,2.3,2025-03-24
2025-03-25,cpi_comparison,CPIAUCSL,2024-02-01,311.022,2025-03-24
2025-04-23,cpi,CPIAUCSL,2025-03-01,319.615,2025-04-22
2025-04-23,unemployment,UNRATE,2025-03-01,4.2,2025-04-22
2025-04-23,monetary_rate,FEDFUNDS,2025-03-01,4.33,2025-04-22
2025-04-23,gdp_growth,A191RL1Q225SBEA,2024-10-01,2.4,2025-04-22
2025-04-23,cpi_comparison,CPIAUCSL,2024-03-01,312.107,2025-04-22
2025-05-21,cpi,CPIAUCSL,2025-04-01,320.321,2025-05-20
2025-05-21,unemployment,UNRATE,2025-04-01,4.2,2025-05-20
2025-05-21,monetary_rate,FEDFUNDS,2025-04-01,4.33,2025-05-20
2025-05-21,gdp_growth,A191RL1Q225SBEA,2025-01-01,-0.3,2025-05-20
2025-05-21,cpi_comparison,CPIAUCSL,2024-04-01,313.016,2025-05-20
2025-06-20,cpi,CPIAUCSL,2025-05-01,320.58,2025-06-19
2025-06-20,unemployment,UNRATE,2025-05-01,4.2,2025-06-19
2025-06-20,monetary_rate,FEDFUNDS,2025-05-01,4.33,2025-06-19
2025-06-20,gdp_growth,A191RL1Q225SBEA,2025-01-01,-0.2,2025-06-19
2025-06-20,cpi_comparison,CPIAUCSL,2024-05-01,313.14,2025-06-19
2025-07-21,cpi,CPIAUCSL,2025-06-01,321.5,2025-07-20
2025-07-21,unemployment,UNRATE,2025-06-01,4.1,2025-07-20
2025-07-21,monetary_rate,FEDFUNDS,2025-06-01,4.33,2025-07-20
2025-07-21,gdp_growth,A191RL1Q225SBEA,2025-01-01,-0.5,2025-07-20
2025-07-21,cpi_comparison,CPIAUCSL,2024-06-01,313.131,2025-07-20
2025-08-18,cpi,CPIAUCSL,2025-07-01,322.132,2025-08-17
2025-08-18,unemployment,UNRATE,2025-07-01,4.2,2025-08-17
2025-08-18,monetary_rate,FEDFUNDS,2025-07-01,4.33,2025-08-17
2025-08-18,gdp_growth,A191RL1Q225SBEA,2025-04-01,3.0,2025-08-17
2025-08-18,cpi_comparison,CPIAUCSL,2024-07-01,313.566,2025-08-17
2025-09-16,cpi,CPIAUCSL,2025-08-01,323.364,2025-09-15
2025-09-16,unemployment,UNRATE,2025-08-01,4.3,2025-09-15
2025-09-16,monetary_rate,FEDFUNDS,2025-08-01,4.33,2025-09-15
2025-09-16,gdp_growth,A191RL1Q225SBEA,2025-04-01,3.3,2025-09-15
2025-09-16,cpi_comparison,CPIAUCSL,2024-08-01,314.131,2025-09-15
2025-10-14,cpi,CPIAUCSL,2025-08-01,323.364,2025-10-13
2025-10-14,unemployment,UNRATE,2025-08-01,4.3,2025-10-13
2025-10-14,monetary_rate,FEDFUNDS,2025-09-01,4.22,2025-10-13
2025-10-14,gdp_growth,A191RL1Q225SBEA,2025-04-01,3.8,2025-10-13
2025-10-14,cpi_comparison,CPIAUCSL,2024-08-01,314.131,2025-10-13
2025-11-11,cpi,CPIAUCSL,2025-09-01,324.368,2025-11-10
2025-11-11,unemployment,UNRATE,2025-08-01,4.3,2025-11-10
2025-11-11,monetary_rate,FEDFUNDS,2025-10-01,4.09,2025-11-10
2025-11-11,gdp_growth,A191RL1Q225SBEA,2025-04-01,3.8,2025-11-10
2025-11-11,cpi_comparison,CPIAUCSL,2024-09-01,314.851,2025-11-10
2025-12-10,cpi,CPIAUCSL,2025-09-01,324.368,2025-12-09
2025-12-10,unemployment,UNRATE,2025-09-01,4.4,2025-12-09
2025-12-10,monetary_rate,FEDFUNDS,2025-11-01,3.88,2025-12-09
2025-12-10,gdp_growth,A191RL1Q225SBEA,2025-04-01,3.8,2025-12-09
2025-12-10,cpi_comparison,CPIAUCSL,2024-09-01,314.851,2025-12-09
