series_id,vintage_date,source_url,observation_start,observation_end,retrieved_at_utc,sha256
CPIAUCSL,2021-01-03,https://api.stlouisfed.org/fred/series/observations,2018-01-01,2021-01-03,2026-10-02T15:34:48.029973+00:00,0ddb62f2206e410ac1dd348f31f3add807533f285a247b6bcc3545892f27f273
UNRATE,2021-01-03,https://api.stlouisfed.org/fred/series/observations,2018-01-01,2021-01-03,2026-10-02T15:34:49.157712+00:00,80f8ffd889cecb721d7c7cdaae52d46b9956e49a1afa4f16e6da65203e81a71f
FEDFUNDS,2021-01-03,https://api.stlouisfed.org/fred/series/observations,2018-01-01,2021-01-03,2026-10-02T15:34:50.484315+00:00,e25ec501bdcde3977b248c8734214e22cfc6f4a92bdd7174763d40f64f8b0fb9
A191RL1Q225SBEA,2021-01-03,https://api.stlouisfed.org/fred/series/observations,2018-01-01,2021-01-03,2026-10-02T15:34:51.611543+00:00,b848a32a5cc81535be32d131eb8af9f6a3dc23958b67c1571825e0eb5ee70429
CPIAUCSL,2021-02-01,https://api.stlouisfed.org/fred/series/observations,2018-01-01,2021-02-01,2026-10-02T15:35:29.820893+00:00,b3c6961efe8c341e0963127f10a33decad918a74ff5a05c68265626080b98c9f
UNRATE,2021-02-01,https://api.stlouisfed.org/fred/series/observations,2018-01-01,2021-02-01,2026-10-02T15:35:30.935185+00:00,92e770c0708ab8f7424dd2e368b3f629dc4b26b3ff86418b1c5ca7585304bfee
FEDFUNDS,2021-02-01,https://api.stlouisfed.org/fred/series/observations,2018-01-01,2021-02-01,2026-10-02T15:35:32.035664+00:00,c8b445a17ef46b5befa9141e2e62630ce1dcd67ce3221c98b471ff80b8b5026f
A191RL1Q225SBEA,2021-02-01,https://api.stlouisfed.org/fred/series/observations,2018-01-01,2021-02-01,2026-10-02T15:35:33.083552+00:00,96e37c8068e3853f318d2c4fabdd4b5de1aa2e07ecd8e4b8826108f8c06153d3
CPIAUCSL,2021-03-02,https://api.stlouisfed.org/fred/series/observations,2018-01-01,2021-03-02,2026-10-02T15:35:34.292018+00:00,3e18267c17d67c5d26748e7447dc0d66e70f37ba039e95fb34ebec528d4b88c2
UNRATE,2021-03-02,https://api.stlouisfed.org/fred/series/observations,2018-01-01,2021-03-02,2026-10-02T15:35:35.642452+00:00,472768ab436560b7a8b7449ac4c1556e5098735042b9b158c5fa96b923b91f9d
FEDFUNDS,2021-03-02,https://api.stlouisfed.org/fred/series/observations,2018-01-01,2021-03-02,2026-10-02T15:35:36.772410+00:00,34d37f9061e2fd603d4e0296862072da3e594988f3beee70920c767fbf4b2a3b
A191RL1Q225SBEA,2021-03-02,https://api.stlouisfed.org/fred/series/observations,2018-01-01,2021-03-02,2026-10-02T15:35:38.302017+00:00,4eb03abe0b814a6627fce5277ae54b2f64952680de8271aa5c7cec1fb489c76d
CPIAUCSL,2021-03-30,https://api.stlouisfed.org/fred/series/observations,2018-01-01,2021-03-30,2026-10-02T15:35:39.433317+00:00,c308628ce43f7c49b0e9e58b18826fa140ee35002a4323d5c6e349edb30774fc
UNRATE,2021-03-30,https://api.stlouisfed.org/fred/series/observations,2018-01-01,2021-03-30,2026-10-02T15:35:40.563164+00:00,68a7ead26a0a148fb15eed0f925fb80e64f605f932a9f9240f3b7e12d16a89ed
FEDFUNDS,2021-03-30,https://api.stlouisfed.org/fred/series/observations,2018-01-01,2021-03-30,2026-10-02T15:35:41.743196+00:00,75e5f1c12ed26441298383b67136d44e7b9a0cd81448930f974319c1e3dc8b2b
A191RL1Q225SBEA,2021-03-30,https://api.stlouisfed.org/fred/series/observations,2018-01-01,2021-03-30,2026-10-02T15:35:42.898195+00:00,cbeb4af51abd547bcfec303f12bdec787d6b5d8fd6c699c9ed63f30ebc1e8f6e
CPIAUCSL,2021-04-28,https://api.stlouisfed.org/fred/series/observations,2018-01-01,2021-04-28,2026-10-02T15:35:44.045021+00:00,93260f58074c9e094de2be19e69ebb94141d740ce3e66f44e054b7ba196b1043
UNRATE,2021-04-28,https://api.stlouisfed.org/fred/series/observations,2018-01-01,2021-04-28,2026-10-02T15:35:45.373882+00:00,d302cf7aaed868ad890d0d0225487106436be561783aad75d4a34dbe93b0a13b
FEDFUNDS,2021-04-28,https://api.stlouisfed.org/fred/series/observations,2018-01-01,2021-04-28,2026-10-02T15:35:46.499670+00:00,da122d3c89ccee3c3a7eb98d3810afbf9c9e6e6f34db62280490e75ecb0faf6d
A191RL1Q225SBEA,2021-04-28,https://api.stlouisfed.org/fred/series/observations,2018-01-01,2021-04-28,2026-10-02T15:35:47.780140+00:00,8da1a0c570cd55bf5be1c5b4b947c12ab80782d6748f445fa9f52ad6a121dc41
CPIAUCSL,2021-05-26,https://api.stlouisfed.org/fred/series/observations,2018-01-01,2021-05-26,2026-10-02T15:35:48.857715+00:00,9df2a7eaf87f4085b921ad6262f945409bae56b8177fff88878c80d7262879db
UNRATE,2021-05-26,https://api.stlouisfed.org/fred/series/observations,2018-01-01,2021-05-26,2026-10-02T15:35:49.984084+00:00,597eacf7ad847ffcd2e2ced52ac1e3b4b85d89016a77ded9ca227c15205bea13
FEDFUNDS,2021-05-26,https://api.stlouisfed.org/fred/series/observations,2018-01-01,2021-05-26,2026-10-02T15:35:51.105144+00:00,51eed630e0c06ed209e8188c6ca047f66ed124a628cc457a0b4279184b601e14
A191RL1Q225SBEA,2021-05-26,https://api.stlouisfed.org/fred/series/observations,2018-01-01,2021-05-26,2026-10-02T15:35:52.174031+00:00,ca8914e66086b9f66d368691e232642822487fb2387cf170acddddb99e01e9fb
CPIAUCSL,2021-06-24,https://api.stlouisfed.org/fred/series/observations,2018-01-01,2021-06-24,2026-10-02T15:35:53.363962+00:00,e42942276cbd27b86f9122b038f8b48cd4dd92e1231e4fe9d21ada05ba1fb2e3
UNRATE,2021-06-24,https://api.stlouisfed.org/fred/series/observations,2018-01-01,2021-06-24,2026-10-02T15:35:54.492618+00:00,9edd93758887ac2a14edf1acbcaf666ebd90068bd01f6f1c971d3f2a12842eda
FEDFUNDS,2021-06-24,https://api.stlouisfed.org/fred/series/observations,2018-01-01,2021-06-24,2026-10-02T15:35:55.818150+00:00,3e8a6d83065fd6041d9090eaaa8689bb0f38106f2c4d730d4a8f3f601cb66934
A191RL1Q225SBEA,2021-06-24,https://api.stlouisfed.org/fred/series/observations,2018-01-01,2021-06-24,2026-10-02T15:35:56.942126+00:00,dc76cfc19ae67f4e1752a74d70890be6ffea1488dbebdcd389f3adb63491d1cd
CPIAUCSL,2021-07-25,https://api.stlouisfed.org/fred/series/observations,2018-01-01,2021-07-25,2026-10-02T15:35:57.992078+00:00,1b9ed97f39128e0d1dc42f2722d72a8b8a9a90b496f63137746a00ad321bc884
UNRATE,2021-07-25,https://api.stlouisfed.org/fred/series/observations,2018-01-01,2021-07-25,2026-10-02T15:35:59.094525+00:00,9a667548fbcbb740d8c9989410e2a51177f3c73ee4aca3a51747e1e81307c096
FEDFUNDS,2021-07-25,https://api.stlouisfed.org/fred/series/observations,2018-01-01,2021-07-25,2026-10-02T15:36:02.067038+00:00,8b889de12831d450e450cafa658e52b993d5f63cebbfc20fde0c21efe26f8ace
A191RL1Q225SBEA,2021-07-25,https://api.stlouisfed.org/fred/series/observations,2018-01-01,2021-07-25,2026-10-02T15:36:03.291312+00:00,bde3e7146715af56bc56795f31540e28f49d576d6719869285574b74ab27b903
CPIAUCSL,2021-08-22,https://api.stlouisfed.org/fred/series/observations,2018-01-01,2021-08-22,2026-10-02T15:36:04.426053+00:00,64d6d6c4a3778a82829a773f7057b056d44732934be98cdec81095f1f2e6c0b2
UNRATE,2021-08-22,https://api.stlouisfed.org/fred/series/observations,2018-01-01,2021-08-22,2026-10-02T15:36:05.651512+00:00,a411e1933d1c1e6330c0dbeeee0f7b0e55a2d087e0748266204e5ea37a982493
FEDFUNDS,2021-08-22,https://api.stlouisfed.org/fred/series/observations,2018-01-01,2021-08-22,2026-10-02T15:36:06.776679+00:00,2e4354d7374bd40dc6fab7eccfaa98359da3b996e4b32438ab2c0c58ebcf9523
A191RL1Q225SBEA,2021-08-22,https://api.stlouisfed.org/fred/series/observations,2018-01-01,2021-08-22,2026-10-02T15:36:07.903013+00:00,0835ae9aef9bf50278dd6f6449bb6069556a0dfb2fdeffe45378ae0e42be5f45
CPIAUCSL,2021-09-20,https://api.stlouisfed.org/fred/series/observations,2018-01-01,2021-09-20,2026-10-02T15:36:09.028537+00:00,a0fbfb57048805ce55235272c6858fc887408c0a380b0194bc3bc4a4cc547352
UNRATE,2021-09-20,https://api.stlouisfed.org/fred/series/observations,2018-01-01,2021-09-20,2026-10-02T15:36:10.248565+00:00,eba0cf2501438826bae179f43022f6a459d906c7f053abef24b44645c5a0c80f
FEDFUNDS,2021-09-20,https://api.stlouisfed.org/fred/series/observations,2018-01-01,2021-09-20,2026-10-02T15:36:11.385574+00:00,60ce4f04954079c4a6ed6f5032b1c10179c753bd215a12a3ce36d342e505095d
A191RL1Q225SBEA,2021-09-20,https://api.stlouisfed.org/fred/series/observations,2018-01-01,2021-09-20,2026-10-02T15:36:12.411627+00:00,1281581252602146d900fe1a02824d0b86616f82f54d012b4a961382951e07e3
CPIAUCSL,2021-10-18,https://api.stlouisfed.org/fred/series/observations,2018-01-01,2021-10-18,2026-10-02T15:36:13.532526+00:00,64fc41b8faa58a1ba25d955e03e75d69877e0cccafb5ea9abb015cd480e65a25
UNRATE,2021-10-18,https://api.stlouisfed.org/fred/series/observations,2018-01-01,2021-10-18,2026-10-02T15:36:14.763835+00:00,7aa16e76d0fd0b232f8bca6612a05165cc296837f0cd7aa748a401416f59d83d
FEDFUNDS,2021-10-18,https://api.stlouisfed.org/fred/series/observations,2018-01-01,2021-10-18,2026-10-02T15:36:15.885624+00:00,e485fe09434013fc205309657b6c888e7372d4f2ae67ae639f4b400ce804f82b
A191RL1Q225SBEA,2021-10-18,https://api.stlouisfed.org/fred/series/observations,2018-01-01,2021-10-18,2026-10-02T15:36:17.018044+00:00,65c3b19149414f3b40a6aec6b9b9e683bc6ac95273a0b6e17193a1cfbb4c2b31
CPIAUCSL,2021-11-15,https://api.stlouisfed.org/fred/series/observations,2018-01-01,2021-11-15,2026-10-02T15:36:18.063428+00:00,f519b708e2612ca00ee102bfeb632a3ec286f7ca54d9414ed848c2b29160f495
UNRATE,2021-11-15,https://api.stlouisfed.org/fred/series/observations,2018-01-01,2021-11-15,2026-10-02T15:36:19.166460+00:00,e7352f21d7ef1cc1a301346dd1358dc9de3f76dac8f8ba48a583805aad9605cf
FEDFUNDS,2021-11-15,https://api.stlouisfed.org/fred/series/observations,2018-01-01,2021-11-15,2026-10-02T15:36:20.601145+00:00,9f01cf7d8edc275318c7340ce76ce601bf9269255b52d7aa0b91f0727073a3a6
A191RL1Q225SBEA,2021-11-15,https://api.stlouisfed.org/fred/series/observations,2018-01-01,2021-11-15,2026-10-02T15:36:21.727395+00:00,b8e6ec547503d13224594c64875ad6108b0c8e3d55172b90fa6bcdaf05b5448f
CPIAUCSL,2021-12-14,https://api.stlouisfed.org/fred/series/observations,2018-01-01,2021-12-14,2026-10-02T15:36:23.262025+00:00,fbfc28a110724f386286508ab5fd09ceadf622bedc539f3c90c7d3ff49cf3b6c
UNRATE,2021-12-14,https://api.stlouisfed.org/fred/series/observations,2018-01-01,2021-12-14,2026-10-02T15:36:24.388230+00:00,c991b394cb261c8a1723ee2a5131fc0fc1735ecaf01140510c5a560f20443e0d
FEDFUNDS,2021-12-14,https://api.stlouisfed.org/fred/series/observations,2018-01-01,2021-12-14,2026-10-02T15:36:25.526399+00:00,34ea58a13064f05344b6d772c2c45e6bd13c52f09a05b57c38e1085a125cad0f
A191RL1Q225SBEA,2021-12-14,https://api.stlouisfed.org/fred/series/observations,2018-01-01,2021-12-14,2026-10-02T15:36:26.642372+00:00,237e1afc35a6fb24814c9caa3a023b8d845c7e30d04df5dfda684e2430710e1c
CPIAUCSL,2022-01-12,https://api.stlouisfed.org/fred/series/observations,2018-01-01,2022-01-12,2026-10-02T15:36:27.772505+00:00,a7725ea5ce8d9c6e371a3372234c517ed73e6c1b0e701d1b8843d2ee7a619791
UNRATE,2022-01-12,https://api.stlouisfed.org/fred/series/observations,2018-01-01,2022-01-12,2026-10-02T15:36:29.001248+00:00,0fc347f3733f4300d6fba17d6639ad73724651504b2e38c2bc96bdcd3911a57b
FEDFUNDS,2022-01-12,https://api.stlouisfed.org/fred/series/observations,2018-01-01,2022-01-12,2026-10-02T15:36:30.734858+00:00,5ffb365cf4210273ff611fc8d6fc7658c0f7ac910f10a7318e01bbb2c88989bf
A191RL1Q225SBEA,2022-01-12,https://api.stlouisfed.org/fred/series/observations,2018-01-01,2022-01-12,2026-10-02T15:36:31.864502+00:00,be58495c908760bf75df3a94edc19a9eed1db344515ac710eb303dc1a2f014f4
CPIAUCSL,2022-02-10,https://api.stlouisfed.org/fred/series/observations,2018-01-01,2022-02-10,2026-10-02T15:36:32.989435+00:00,285b329644d723b69bb523b1776b3dab75e441c44c0e51217941e9dc57ad0bcd
UNRATE,2022-02-10,https://api.stlouisfed.org/fred/series/observations,2018-01-01,2022-02-10,2026-10-02T15:36:34.189379+00:00,09c5cb7b2c29efd51e05228eb15f9d34154063755ebd5b1286f6cd4ab99ac12f
FEDFUNDS,2022-02-10,https://api.stlouisfed.org/fred/series/observations,2018-01-01,2022-02-10,2026-10-02T15:36:35.344948+00:00,c07d608e9f5f1affbe5b77dc2322761d47359938c3eeb9a6ae2570deb4c19f8a
A191RL1Q225SBEA,2022-02-10,https://api.stlouisfed.org/fred/series/observations,2018-01-01,2022-02-10,2026-10-02T15:36:36.575638+00:00,e25f37ccf771da9d4714d5edde0e8a850186dae9b4604db9732f4b8a1523f31d
CPIAUCSL,2022-03-13,https://api.stlouisfed.org/fred/series/observations,2018-01-01,2022-03-13,2026-10-02T15:36:37.903312+00:00,44a151abe487590bf96db13e543905e6f9de5d804f962426f93b0f6cc0d0ddac
UNRATE,2022-03-13,https://api.stlouisfed.org/fred/series/observations,2018-01-01,2022-03-13,2026-10-02T15:36:39.031615+00:00,e8da298568bf6846744300ad35dba6cf2821c6780562279eff61eff09c791da7
FEDFUNDS,2022-03-13,https://api.stlouisfed.org/fred/series/observations,2018-01-01,2022-03-13,2026-10-02T15:36:40.565609+00:00,d96735d96c7cdb07377c7a850973085352ef685c87c5576d2372bad1554379d3
A191RL1Q225SBEA,2022-03-13,https://api.stlouisfed.org/fred/series/observations,2018-01-01,2022-03-13,2026-10-02T15:36:42.107052+00:00,827ce10186962e340f7e2b173d6cf7b45d37449e3f93a76dc4a9fbd15cdc5566
CPIAUCSL,2022-04-10,https://api.stlouisfed.org/fred/series/observations,2018-01-01,2022-04-10,2026-10-02T15:36:43.225218+00:00,96dc9aaabba3ef5c93b4f94cda3921d901f9fe9261b64e89575d25855c719c4a
UNRATE,2022-04-10,https://api.stlouisfed.org/fred/series/observations,2018-01-01,2022-04-10,2026-10-02T15:36:44.563020+00:00,0989f336182018cd93b7efd3f7f06eed78f3cae81b2b851c04d97b33cd229865
FEDFUNDS,2022-04-10,https://api.stlouisfed.org/fred/series/observations,2018-01-01,2022-04-10,2026-10-02T15:36:46.200161+00:00,3bbb33bf67baaa2b4f1d03a69c51af356697194059074ab97a7d103aa87ef23c
A191RL1Q225SBEA,2022-04-10,https://api.stlouisfed.org/fred/series/observations,2018-01-01,2022-04-10,2026-10-02T15:36:47.324301+00:00,296c850e897ec60a4b26b59ee560c0466dda3e1934e60ff0782e2f6ab0a24c51
CPIAUCSL,2022-05-09,https://api.stlouisfed.org/fred/series/observations,2018-01-01,2022-05-09,2026-10-02T15:36:48.450344+00:00,c62a64c2661d60b40c05b42c841b23f48257fc2b80854b4761788d03b8f32d62
UNRATE,2022-05-09,https://api.stlouisfed.org/fred/series/observations,2018-01-01,2022-05-09,2026-10-02T15:36:49.493218+00:00,8bd05a4a0d10408dc40fd0c57c1244e96c5cad479abb3b14baf03c4f7cf8bc4a
FEDFUNDS,2022-05-09,https://api.stlouisfed.org/fred/series/observations,2018-01-01,2022-05-09,2026-10-02T15:36:50.603732+00:00,1c4217267f4759be17293a9dd5238e21c797527136b535a451c804de2b8918cc
A191RL1Q225SBEA,2022-05-09,https://api.stlouisfed.org/fred/series/observations,2018-01-01,2022-05-09,2026-10-02T15:36:51.732925+00:00,03612a3fffb1f05cfd110325ea5ace5528030e6eb40f795d7e5a22210f16f8bd
CPIAUCSL,2022-06-07,https://api.stlouisfed.org/fred/series/observations,2018-01-01,2022-06-07,2026-10-02T15:36:52.906481+00:00,281efe34078a409964bf53b29fcb44f77c71ce69c0452a74c3cb6305f4cc96b1
UNRATE,2022-06-07,https://api.stlouisfed.org/fred/series/observations,2018-01-01,2022-06-07,2026-10-02T15:36:54.086663+00:00,799fe22ddea618ac31fe1561b5d14e213cbdc285be5b376630c4ca1860fad07f
FEDFUNDS,2022-06-07,https://api.stlouisfed.org/fred/series/observations,2018-01-01,2022-06-07,2026-10-02T15:36:55.521152+00:00,7337af5e73c756a079673db65e1a198c2f57c883378534203b9126f2c728c175
A191RL1Q225SBEA,2022-06-07,https://api.stlouisfed.org/fred/series/observations,2018-01-01,2022-06-07,2026-10-02T15:36:56.637075+00:00,94e3701e13bd8c0242656c608f394a03fa20193aba5bf7c711e552d5e95f603a
CPIAUCSL,2022-07-07,https://api.stlouisfed.org/fred/series/observations,2018-01-01,2022-07-07,2026-10-02T15:36:57.874557+00:00,ff75b2fbe35d5dca129293f647978953d967a422a8c99279d735540436554932
UNRATE,2022-07-07,https://api.stlouisfed.org/fred/series/observations,2018-01-01,2022-07-07,2026-10-02T15:36:59.005128+00:00,8e0b70aea6f849e79f0a3881db3f7716546302648f6b6682483af72f969533ef
FEDFUNDS,2022-07-07,https://api.stlouisfed.org/fred/series/observations,2018-01-01,2022-07-07,2026-10-02T15:37:00.639248+00:00,1d5ad81ef9f33573118972cd056d3093f08a720ef83eeaad2a1d8f294567650b
A191RL1Q225SBEA,2022-07-07,https://api.stlouisfed.org/fred/series/observations,2018-01-01,2022-07-07,2026-10-02T15:37:02.173928+00:00,353ecaf41d8fd54f99ab6a893113354e323522d74b5303d0aa6d15735bc38c48
CPIAUCSL,2022-08-04,https://api.stlouisfed.org/fred/series/observations,2018-01-01,2022-08-04,2026-10-02T15:37:03.195306+00:00,9f0613fa66a23db8f710ff40471330f1402353e5872eea13df095052efbe716b
UNRATE,2022-08-04,https://api.stlouisfed.org/fred/series/observations,2018-01-01,2022-08-04,2026-10-02T15:37:04.370903+00:00,0947b8291a23eb3907834c8c9c128b37ba499825c46b81d4f408da88d70741c3
FEDFUNDS,2022-08-04,https://api.stlouisfed.org/fred/series/observations,2018-01-01,2022-08-04,2026-10-02T15:37:05.758087+00:00,4d85964b673bf7a9d5ed8a17d76ac16ccc6f85c4574d0a9eb5f6afe194566f75
A191RL1Q225SBEA,2022-08-04,https://api.stlouisfed.org/fred/series/observations,2018-01-01,2022-08-04,2026-10-02T15:37:06.880632+00:00,8d8c8e16082d15877179adb50e8b4e5c511fe73e3ad55389c2ef6cfcf44af0ff
CPIAUCSL,2022-09-01,https://api.stlouisfed.org/fred/series/observations,2018-01-01,2022-09-01,2026-10-02T15:37:08.011821+00:00,2be6c3a0adedacf74137f0cffc36f571d06d42dbd7f8d656459460088304f6a0
UNRATE,2022-09-01,https://api.stlouisfed.org/fred/series/observations,2018-01-01,2022-09-01,2026-10-02T15:37:09.243605+00:00,dbcb12ba95f7757d67d7c40e4b85f8840a4f6f4e096d65f2a5a4d29a794f4cb8
FEDFUNDS,2022-09-01,https://api.stlouisfed.org/fred/series/observations,2018-01-01,2022-09-01,2026-10-02T15:37:10.527033+00:00,3e7ce2a2d302662ef42693c9e6d3c2f8c2800bef52dfedb3bda711ac71b9897e
A191RL1Q225SBEA,2022-09-01,https://api.stlouisfed.org/fred/series/observations,2018-01-01,2022-09-01,2026-10-02T15:37:11.595834+00:00,d0cbda8a0f37a0155241cac4041a3b30889f17e059dd1e9202e18cfe6c32adcc
CPIAUCSL,2022-10-02,https://api.stlouisfed.org/fred/series/observations,2018-01-01,2022-10-02,2026-10-02T15:37:12.623273+00:00,306c06abd4ac656dcf75a731dc51e612a7134c7c540b214ccd92dd9e0a529511
UNRATE,2022-10-02,https://api.stlouisfed.org/fred/series/observations,2018-01-01,2022-10-02,2026-10-02T15:37:13.751239+00:00,c3405794234e4b4e6248f109da5a038ab403fa005fdf3b5dc2867da254983586
FEDFUNDS,2022-10-02,https://api.stlouisfed.org/fred/series/observations,2018-01-01,2022-10-02,2026-10-02T15:37:14.878371+00:00,ba19c9d976af736f3df4faa21a84ba2cdf555e49c7c5e8d5fb3a624089cc1805
A191RL1Q225SBEA,2022-10-02,https://api.stlouisfed.org/fred/series/observations,2018-01-01,2022-10-02,2026-10-02T15:37:16.311252+00:00,70a588b334605075954b5b053afe8f5b96143fc98a99cf68fdccbf69484b0bf1
CPIAUCSL,2022-10-30,https://api.stlouisfed.org/fred/series/observations,2018-01-01,2022-10-30,2026-10-02T15:37:17.605892+00:00,7b751fcc5fe899f9e408fc3bbdd200f2b1dc61a22d8e06c988281b388b8d2f6d
UNRATE,2022-10-30,https://api.stlouisfed.org/fred/series/observations,2018-01-01,2022-10-30,2026-10-02T15:37:18.662445+00:00,826e88709ecb5c4cc40dc23f04ceb0349290fa8b779556cfe9ee1fd7ceb48acf
FEDFUNDS,2022-10-30,https://api.stlouisfed.org/fred/series/observations,2018-01-01,2022-10-30,2026-10-02T15:37:19.789641+00:00,32b580c07aa493d57a00346b4317b34812afe1738ab1a86f1b07b000db548a2d
A191RL1Q225SBEA,2022-10-30,https://api.stlouisfed.org/fred/series/observations,2018-01-01,2022-10-30,2026-10-02T15:37:20.918278+00:00,f682f498302b66737b99c1e41a43a9e7bcdca5f7d02e8c20a60878fb343bddca
CPIAUCSL,2022-11-28,https://api.stlouisfed.org/fred/series/observations,2018-01-01,2022-11-28,2026-10-02T15:37:22.043058+00:00,f7723088573d88ffc92391f27291bcd81a3de2d1aeb31fbda87926fd0ccd26c4
UNRATE,2022-11-28,https://api.stlouisfed.org/fred/series/observations,2018-01-01,2022-11-28,2026-10-02T15:37:23.165564+00:00,f606931c08288e879a0e4302d1a46737389df0a9f93f6432845737cfd405f991
FEDFUNDS,2022-11-28,https://api.stlouisfed.org/fred/series/observations,2018-01-01,2022-11-28,2026-10-02T15:37:24.703920+00:00,9f924e7d9f5007a931e63bb3b51cb0dc812f70b48dddbb0886e2fe757b80e781
A191RL1Q225SBEA,2022-11-28,https://api.stlouisfed.org/fred/series/observations,2018-01-01,2022-11-28,2026-10-02T15:37:25.830735+00:00,2426b8a8fca3ae7187587de6fd8dbdce452ba66e34ab62ccd0bd668d7d551e3f
CPIAUCSL,2022-12-27,https://api.stlouisfed.org/fred/series/observations,2018-01-01,2022-12-27,2026-10-02T15:37:26.959571+00:00,2d0747435e618c8411348578b2d223e549679c4998b53106a7d17a470d5ebd01
UNRATE,2022-12-27,https://api.stlouisfed.org/fred/series/observations,2018-01-01,2022-12-27,2026-10-02T15:37:28.085204+00:00,d981313b0d83217e334a41a6b77fe94e6c1d98e8a93934ce0e8529e21e11530e
FEDFUNDS,2022-12-27,https://api.stlouisfed.org/fred/series/observations,2018-01-01,2022-12-27,2026-10-02T15:37:29.157378+00:00,c5e71af2b1b83993630fdd811009eaa403772d1e57ee51035f1c3eff19d3eb8e
A191RL1Q225SBEA,2022-12-27,https://api.stlouisfed.org/fred/series/observations,2018-01-01,2022-12-27,2026-10-02T15:37:30.463095+00:00,bef0707ec87d049045325c722371c66596ce091d8d07f887625d624067f7061f
CPIAUCSL,2023-01-26,https://api.stlouisfed.org/fred/series/observations,2018-01-01,2023-01-26,2026-10-02T15:37:31.872891+00:00,2c68072e86966a44092b73379360b9d90749fac8ab74818c7f1a7b42ea71acaf
UNRATE,2023-01-26,https://api.stlouisfed.org/fred/series/observations,2018-01-01,2023-01-26,2026-10-02T15:37:33.102400+00:00,05184eb29e2a6964821a72cd887c76a26962a036f604e29a086a032ed11a9b5e
FEDFUNDS,2023-01-26,https://api.stlouisfed.org/fred/series/observations,2018-01-01,2023-01-26,2026-10-02T15:37:34.226574+00:00,0687f4d0ecffc976182970cbd1eced861b1872e8bbc24d20c31d40866d23ccea
A191RL1Q225SBEA,2023-01-26,https://api.stlouisfed.org/fred/series/observations,2018-01-01,2023-01-26,2026-10-02T15:37:35.520630+00:00,944fa99d500315c026d53238149fa6079237cc6dd5afa723d911690413ae3aab
CPIAUCSL,2023-02-26,https://api.stlouisfed.org/fred/series/observations,2018-01-01,2023-02-26,2026-10-02T15:37:36.655357+00:00,caf8ea2e4aa5bf7ccebf3bba8d7761f499bd0cedf6ead66b3a422b33ff8665dc
UNRATE,2023-02-26,https://api.stlouisfed.org/fred/series/observations,2018-01-01,2023-02-26,2026-10-02T15:37:37.713369+00:00,4482999dcdb2c752c3735363acfa2ba99756484ec82f1670909731ce4dee0881
FEDFUNDS,2023-02-26,https://api.stlouisfed.org/fred/series/observations,2018-01-01,2023-02-26,2026-10-02T15:37:38.833968+00:00,d05c493c680ff660fec4459cdba48e270b6332f00f6090304e83eebb98aad7c0
A191RL1Q225SBEA,2023-02-26,https://api.stlouisfed.org/fred/series/observations,2018-01-01,2023-02-26,2026-10-02T15:37:39.964452+00:00,1211df3acc1ac342710662617ddf3c0684146ee765bc231222acfe9fb703a89f
CPIAUCSL,2023-03-26,https://api.stlouisfed.org/fred/series/observations,2018-01-01,2023-03-26,2026-10-02T15:37:41.294687+00:00,893bae31d603eb7b6063988c933bb88584bea7fa1efffdbe03d1e5237e83ac6e
UNRATE,2023-03-26,https://api.stlouisfed.org/fred/series/observations,2018-01-01,2023-03-26,2026-10-02T15:37:42.422660+00:00,004ea1a55249d8215905ee874faa2fc08ed50de51ee219af78523bf8724f6090
FEDFUNDS,2023-03-26,https://api.stlouisfed.org/fred/series/observations,2018-01-01,2023-03-26,2026-10-02T15:37:43.545761+00:00,04ea5ddc6a30d4c290dd45e54f3cbc0c55d4147c5bac5a1e7028338cab116e58
A191RL1Q225SBEA,2023-03-26,https://api.stlouisfed.org/fred/series/observations,2018-01-01,2023-03-26,2026-10-02T15:37:44.673058+00:00,374a732ac27567c344c6d561bd145c5a4f0ebbd647bb28cf1a055b8b89c21bbc
CPIAUCSL,2023-04-24,https://api.stlouisfed.org/fred/series/observations,2018-01-01,2023-04-24,2026-10-02T15:37:45.794727+00:00,717370a3e6cace08f4cdcb8713041804f8365e364e55a4cd04b6b74cb848cff3
UNRATE,2023-04-24,https://api.stlouisfed.org/fred/series/observations,2018-01-01,2023-04-24,2026-10-02T15:37:47.233230+00:00,b4ce44eafb7cb59d4756340ba241dc7c6bb447532efe38b5ddbb2119258b29f4
FEDFUNDS,2023-04-24,https://api.stlouisfed.org/fred/series/observations,2018-01-01,2023-04-24,2026-10-02T15:37:48.253198+00:00,12775c5ea827c5313c3a0eb2ca2430ffd96db8c0b43b7fa283d79f7dbde59c47
A191RL1Q225SBEA,2023-04-24,https://api.stlouisfed.org/fred/series/observations,2018-01-01,2023-04-24,2026-10-02T15:37:49.385109+00:00,53107cd164a90a660b5d3ad0fa47dbd24200fb5b0ce5c63556a09ae9975197eb
CPIAUCSL,2023-05-22,https://api.stlouisfed.org/fred/series/observations,2018-01-01,2023-05-22,2026-10-02T15:37:50.614006+00:00,06e76b5e3b6e0da248a779bc53a5cb4d5a3728945cb99277c1214a756c7adc5f
UNRATE,2023-05-22,https://api.stlouisfed.org/fred/series/observations,2018-01-01,2023-05-22,2026-10-02T15:37:51.939387+00:00,1636106add97260091228a3360a5a3be84e0f108ba0769529b454bed403e63a5
FEDFUNDS,2023-05-22,https://api.stlouisfed.org/fred/series/observations,2018-01-01,2023-05-22,2026-10-02T15:37:53.171789+00:00,3a8f6b784665562c7be9ab57fff19ab46f59553f8f65c58d4493b4d3f3bf867b
A191RL1Q225SBEA,2023-05-22,https://api.stlouisfed.org/fred/series/observations,2018-01-01,2023-05-22,2026-10-02T15:37:54.295738+00:00,f63e71016690fe3d1a7e9270e1b8229813642a9f9e2105eb59ee7ba4e874034c
CPIAUCSL,2023-06-21,https://api.stlouisfed.org/fred/series/observations,2018-01-01,2023-06-21,2026-10-02T15:37:55.425338+00:00,251d54313d2e0a9ca97e3e1b2a26973ad9214cf6a6421bf0de27026a7faf85c5
UNRATE,2023-06-21,https://api.stlouisfed.org/fred/series/observations,2018-01-01,2023-06-21,2026-10-02T15:37:56.554679+00:00,753847276cf17b97ec4e85c666f8cf3b5882786bf43afa90fc394d62e3d3c0a6
FEDFUNDS,2023-06-21,https://api.stlouisfed.org/fred/series/observations,2018-01-01,2023-06-21,2026-10-02T15:37:57.676890+00:00,e66d0a85b1d5a99cbe31f9fe440739e0770e62b5f3ebf702573145f341350531
A191RL1Q225SBEA,2023-06-21,https://api.stlouisfed.org/fred/series/observations,2018-01-01,2023-06-21,2026-10-02T15:37:59.316882+00:00,3a48a453dce867288632fb7897e1ef5a20b994576c93aff4d5f0f7681f36f060
CPIAUCSL,2023-07-20,https://api.stlouisfed.org/fred/series/observations,2018-01-01,2023-07-20,2026-10-02T15:38:01.464719+00:00,71eda60506c1f8e9af022f033576c01c26ea702ed6d5e1c15b3474a5c09b980e
UNRATE,2023-07-20,https://api.stlouisfed.org/fred/series/observations,2018-01-01,2023-07-20,2026-10-02T15:38:02.586688+00:00,3c68b0d08231542600ad104bcdd7c49f9a4d0aa80b30f532d62672822a90411f
FEDFUNDS,2023-07-20,https://api.stlouisfed.org/fred/series/observations,2018-01-01,2023-07-20,2026-10-02T15:38:03.721694+00:00,04d59934e2b1bfedcd40f484558b34296a6dbef7bafd914a1872ecc944617fd3
A191RL1Q225SBEA,2023-07-20,https://api.stlouisfed.org/fred/series/observations,2018-01-01,2023-07-20,2026-10-02T15:38:04.848717+00:00,ab7befde38f26e69c5a13fa0e9f5800c271e643684375ade55b8863af95c0672
CPIAUCSL,2023-08-17,https://api.stlouisfed.org/fred/series/observations,2018-01-01,2023-08-17,2026-10-02T15:38:05.974116+00:00,cbfa3d204ef03bf0dc5a1b3fa5ff8c434c58fda2fa30323cefa116b66c89ef92
UNRATE,2023-08-17,https://api.stlouisfed.org/fred/series/observations,2018-01-01,2023-08-17,2026-10-02T15:38:07.095180+00:00,fba2b8ab22bedfc655d4362bb57843fb3ab5d0f3fe9ab8e7eef619dae564fdd1
FEDFUNDS,2023-08-17,https://api.stlouisfed.org/fred/series/observations,2018-01-01,2023-08-17,2026-10-02T15:38:08.224087+00:00,9b2779e837ae22dec5a6a40bf2914f2f19921c8a2f522131f70134ab219da147
A191RL1Q225SBEA,2023-08-17,https://api.stlouisfed.org/fred/series/observations,2018-01-01,2023-08-17,2026-10-02T15:38:09.348519+00:00,3461a75c923a4d3537ad66d1415857a61557f8595aefbaf00606799ef344e744
CPIAUCSL,2023-09-17,https://api.stlouisfed.org/fred/series/observations,2018-01-01,2023-09-17,2026-10-02T15:38:10.575047+00:00,1813822502aac2db110208b79cccb64aa17cd4e9909126e8e40e5ba1cc051b56
UNRATE,2023-09-17,https://api.stlouisfed.org/fred/series/observations,2018-01-01,2023-09-17,2026-10-02T15:38:11.704889+00:00,8e02e59e005f8366b3bcbbdb3f4f5f812da30154f7af3d92249924adc0c02f9a
FEDFUNDS,2023-09-17,https://api.stlouisfed.org/fred/series/observations,2018-01-01,2023-09-17,2026-10-02T15:38:12.828806+00:00,c2f23bf99564a22f9ce4173430ae6645bdb1aeb48b3347a514e8467d590d7a00
A191RL1Q225SBEA,2023-09-17,https://api.stlouisfed.org/fred/series/observations,2018-01-01,2023-09-17,2026-10-02T15:38:14.060757+00:00,92258ba09e21f6cd65280adb0cb8a98fd752dd1444d0812341dea0593fbf9113
CPIAUCSL,2023-10-15,https://api.stlouisfed.org/fred/series/observations,2018-01-01,2023-10-15,2026-10-02T15:38:15.704929+00:00,675a7b6e726712bcbce418750be54a40b4dcde8488eed7724109d0cee68a10d9
UNRATE,2023-10-15,https://api.stlouisfed.org/fred/series/observations,2018-01-01,2023-10-15,2026-10-02T15:38:16.826587+00:00,58f9749f1f2f15a1d573769133e6b95090b055bd223db9f0fbf1a80d89bb373f
FEDFUNDS,2023-10-15,https://api.stlouisfed.org/fred/series/observations,2018-01-01,2023-10-15,2026-10-02T15:38:18.055648+00:00,a9383d370b42e54cb30833e289dc1e1be09bbbc9c353af82278cda2d001a6446
A191RL1Q225SBEA,2023-10-15,https://api.stlouisfed.org/fred/series/observations,2018-01-01,2023-10-15,2026-10-02T15:38:19.183012+00:00,762050a6d1f541ff43ca0de0138ee68b3313fc30f4d241b2f9581f4b54716d34
CPIAUCSL,2023-11-12,https://api.stlouisfed.org/fred/series/observations,2018-01-01,2023-11-12,2026-10-02T15:38:20.514807+00:00,a9b3abb64e848e132a7db19506493ef8aa7eeec877f8af82914b65f16f3b9913
UNRATE,2023-11-12,https://api.stlouisfed.org/fred/series/observations,2018-01-01,2023-11-12,2026-10-02T15:38:21.639039+00:00,8791f2f1b117b1806d29539353da12148860ad0443b5a19d17529d3a0c02d095
FEDFUNDS,2023-11-12,https://api.stlouisfed.org/fred/series/observations,2018-01-01,2023-11-12,2026-10-02T15:38:22.772689+00:00,59429206d06b4c121c16d2e05e8036a579d8b34e8d0386c80f546e4870f844fa
A191RL1Q225SBEA,2023-11-12,https://api.stlouisfed.org/fred/series/observations,2018-01-01,2023-11-12,2026-10-02T15:38:23.795419+00:00,f8f2f6697ecdca38ce758d79fb89342a56df4607604063e0694e533c85340693
CPIAUCSL,2023-12-11,https://api.stlouisfed.org/fred/series/observations,2018-01-01,2023-12-11,2026-10-02T15:38:24.917334+00:00,647875142cfe46a8f902db690a0d057dab54de0c9399bda8285675ec35404c43
UNRATE,2023-12-11,https://api.stlouisfed.org/fred/series/observations,2018-01-01,2023-12-11,2026-10-02T15:38:26.034472+00:00,84ba076b998dc50936f94f3df1681052a05a7fc7b4984437489a4023194a9356
FEDFUNDS,2023-12-11,https://api.stlouisfed.org/fred/series/observations,2018-01-01,2023-12-11,2026-10-02T15:38:27.066076+00:00,38ef39a067a3d5c512cb0952ab05a40eaeef8dc5fe2756b7578aef7523f479f4
A191RL1Q225SBEA,2023-12-11,https://api.stlouisfed.org/fred/series/observations,2018-01-01,2023-12-11,2026-10-02T15:38:28.495059+00:00,c7ed961b520ece391f30bea0653badc2721dc0f48111e018cf06314b90890f08
CPIAUCSL,2024-01-10,https://api.stlouisfed.org/fred/series/observations,2018-01-01,2024-01-10,2026-10-02T15:38:29.629479+00:00,715f276a7ef675dfc512755e076ba7648bc4d6176ddbc23c76355c129d7d7e38
UNRATE,2024-01-10,https://api.stlouisfed.org/fred/series/observations,2018-01-01,2024-01-10,2026-10-02T15:38:30.754661+00:00,497062732367517b19c318df672e72c2f4ae9c083e4feca3e2610bc899ffac2f
FEDFUNDS,2024-01-10,https://api.stlouisfed.org/fred/series/observations,2018-01-01,2024-01-10,2026-10-02T15:38:31.881286+00:00,544c2fe7149d6e4c019c1e14243c6b8303c6b3f1aee13946d818e374e38da828
A191RL1Q225SBEA,2024-01-10,https://api.stlouisfed.org/fred/series/observations,2018-01-01,2024-01-10,2026-10-02T15:38:33.004561+00:00,bdae4123cf88190de2286af37f4236f6b55350d6a544942ea2e5a5c5a84b506c
CPIAUCSL,2024-02-08,https://api.stlouisfed.org/fred/series/observations,2018-01-01,2024-02-08,2026-10-02T15:38:34.091202+00:00,f48312ca0387a41d4862f01232343b89f04e91d0fd9d3ef556d364895e5bddb9
UNRATE,2024-02-08,https://api.stlouisfed.org/fred/series/observations,2018-01-01,2024-02-08,2026-10-02T15:38:35.357918+00:00,3dd7ce53800cfd3ac91694772724d7c1a0c6828277536f6f49cbb339b5e4abcd
FEDFUNDS,2024-02-08,https://api.stlouisfed.org/fred/series/observations,2018-01-01,2024-02-08,2026-10-02T15:38:36.488566+00:00,dbf6f349e52cca879e37a7b4eeaa50059829c6f01d1c06f0d28e2a46dd64fc28
A191RL1Q225SBEA,2024-02-08,https://api.stlouisfed.org/fred/series/observations,2018-01-01,2024-02-08,2026-10-02T15:38:37.595613+00:00,023df5d41ba918c2a4082218251afd7a9c92b57eabae71129565472d2fe7f376
CPIAUCSL,2024-03-10,https://api.stlouisfed.org/fred/series/observations,2018-01-01,2024-03-10,2026-10-02T15:38:38.846234+00:00,2ec53baedf3544d120a3e672b3517ddc2f2c6150076b60d09aa7815a2ee60991
UNRATE,2024-03-10,https://api.stlouisfed.org/fred/series/observations,2018-01-01,2024-03-10,2026-10-02T15:38:39.971438+00:00,22ae89d28502f1e1d34fd86497975d9cf7103eb868cc23e3d6ecb6740d124daa
FEDFUNDS,2024-03-10,https://api.stlouisfed.org/fred/series/observations,2018-01-01,2024-03-10,2026-10-02T15:38:41.295868+00:00,adb828465091811058a312160f9f12fa5b94d307cb578ed8833f97ec298d696f
A191RL1Q225SBEA,2024-03-10,https://api.stlouisfed.org/fred/series/observations,2018-01-01,2024-03-10,2026-10-02T15:38:42.427124+00:00,b2605d4bf6ce624a95832cad2a28a9b3d718893c1f34ffc24872e08a50a2d750
CPIAUCSL,2024-04-08,https://api.stlouisfed.org/fred/series/observations,2018-01-01,2024-04-08,2026-10-02T15:38:43.443639+00:00,59e804425095de646d3d800a0dd2853dd8034c7f3504ef2d7869e85891238cf3
UNRATE,2024-04-08,https://api.stlouisfed.org/fred/series/observations,2018-01-01,2024-04-08,2026-10-02T15:38:44.576157+00:00,1eb8850e838935ac2b7dd7f9bcd682ebc38079c709f68888290a36fe2cb9433f
FEDFUNDS,2024-04-08,https://api.stlouisfed.org/fred/series/observations,2018-01-01,2024-04-08,2026-10-02T15:38:45.705266+00:00,684d069baaf5c768b862ddb73039065af5dd29b9cec4f4b1ff5a7a0eba306ffc
A191RL1Q225SBEA,2024-04-08,https://api.stlouisfed.org/fred/series/observations,2018-01-01,2024-04-08,2026-10-02T15:38:46.832240+00:00,46540538ffbb00d00676568e173d8939bf4d7281c850548434cfdabed7adf002
CPIAUCSL,2024-05-06,https://api.stlouisfed.org/fred/series/observations,2018-01-01,2024-05-06,2026-10-02T15:38:47.957274+00:00,8865eb2e28abbee7c33ec2fe024ddb95a287812c164b10dcd91e22f463624f61
UNRATE,2024-05-06,https://api.stlouisfed.org/fred/series/observations,2018-01-01,2024-05-06,2026-10-02T15:38:48.997221+00:00,bca92ba0140a5685aee0a09b8bc9c4ea0422fb9b21fcca8ac0d321c24dc6950a
FEDFUNDS,2024-05-06,https://api.stlouisfed.org/fred/series/observations,2018-01-01,2024-05-06,2026-10-02T15:38:50.515857+00:00,103bacd4bed9e5fb816ad8d67421f44201d42058c62576f15e11c3823ae26d0d
A191RL1Q225SBEA,2024-05-06,https://api.stlouisfed.org/fred/series/observations,2018-01-01,2024-05-06,2026-10-02T15:38:51.645582+00:00,24cf70e020817bb802737d4f9ebf26743f391ba13c813ff6432572dec9b8a077
CPIAUCSL,2024-06-04,https://api.stlouisfed.org/fred/series/observations,2018-01-01,2024-06-04,2026-10-02T15:38:52.738769+00:00,e6f0b7d3a45e132688f64a5df7843ace7dae44de822486e7048b1186a928bf1a
UNRATE,2024-06-04,https://api.stlouisfed.org/fred/series/observations,2018-01-01,2024-06-04,2026-10-02T15:38:53.869733+00:00,fd684dac8e8232bc827c113f2916eef82255e4ed8e0c1112cba94964f12d5ddf
FEDFUNDS,2024-06-04,https://api.stlouisfed.org/fred/series/observations,2018-01-01,2024-06-04,2026-10-02T15:38:55.021263+00:00,fcc641dc4aedcf4a3403c3db8a838d193e695bf43fdaaaf9e1f2527d5056be24
A191RL1Q225SBEA,2024-06-04,https://api.stlouisfed.org/fred/series/observations,2018-01-01,2024-06-04,2026-10-02T15:38:56.147940+00:00,8efeebf26a01f8cf987915fa4f9750cc0f144e0f57821badfc03a0a0f115991c
CPIAUCSL,2024-07-04,https://api.stlouisfed.org/fred/series/observations,2018-01-01,2024-07-04,2026-10-02T15:38:57.277530+00:00,3639b6b99f3dd6951f914521212b337e4560b2ff051a444b63ed753ce3d49a3e
UNRATE,2024-07-04,https://api.stlouisfed.org/fred/series/observations,2018-01-01,2024-07-04,2026-10-02T15:38:58.382089+00:00,4492decf06eb13cb82ff5f72c45ea677e8843ce65b3766eb08d176ab26cc30ef
FEDFUNDS,2024-07-04,https://api.stlouisfed.org/fred/series/observations,2018-01-01,2024-07-04,2026-10-02T15:38:59.526723+00:00,9c432e50e227306035efcb94ff14d8ef8883d314c06d4a1a9f4467fe3826122d
A191RL1Q225SBEA,2024-07-04,https://api.stlouisfed.org/fred/series/observations,2018-01-01,2024-07-04,2026-10-02T15:39:01.782601+00:00,f07a5d11d0e25dad250a14b83fc0800bf2dc85709040fd5ff90fa4eb851f353d
CPIAUCSL,2024-08-01,https://api.stlouisfed.org/fred/series/observations,2018-01-01,2024-08-01,2026-10-02T15:39:02.906365+00:00,15d6c52b45e325b8073c83ad1e2759bee2c3ef8fa6da0e570ecb0014efdb7bcc
UNRATE,2024-08-01,https://api.stlouisfed.org/fred/series/observations,2018-01-01,2024-08-01,2026-10-02T15:39:04.035403+00:00,d2a2b699a2e55473071a1c05eacbeea8b81681a14889f97d38d5df28cbde4014
FEDFUNDS,2024-08-01,https://api.stlouisfed.org/fred/series/observations,2018-01-01,2024-08-01,2026-10-02T15:39:05.263355+00:00,6deb41a133a010b095cc3abc260eeb0c6f11ee1da51007f4dc92ff226f242040
A191RL1Q225SBEA,2024-08-01,https://api.stlouisfed.org/fred/series/observations,2018-01-01,2024-08-01,2026-10-02T15:39:06.330649+00:00,6d995c61086de47851b32bfef826ec644111429b509ff0ae06e41952f2bfa33e
CPIAUCSL,2024-08-29,https://api.stlouisfed.org/fred/series/observations,2018-01-01,2024-08-29,2026-10-02T15:39:07.506355+00:00,fdfb079f3c6e22ffaf35ba9cd3f8cb089938c2745e2f9f60bdf23c69e95d124f
UNRATE,2024-08-29,https://api.stlouisfed.org/fred/series/observations,2018-01-01,2024-08-29,2026-10-02T15:39:08.644191+00:00,f6d62640c134b402651151564f442df3acfe8b3d615d53cbd0fc36cfdf9217f4
FEDFUNDS,2024-08-29,https://api.stlouisfed.org/fred/series/observations,2018-01-01,2024-08-29,2026-10-02T15:39:09.769263+00:00,657c062d988af0c5328f237ff0e0a6ef8e7110bcd5412227071c3cdb6ef9ba8d
A191RL1Q225SBEA,2024-08-29,https://api.stlouisfed.org/fred/series/observations,2018-01-01,2024-08-29,2026-10-02T15:39:10.893312+00:00,48e24ec5105aa78005cdc181c5633d479898a7b29382a56db2fdfb78ddb46f10
CPIAUCSL,2024-09-29,https://api.stlouisfed.org/fred/series/observations,2018-01-01,2024-09-29,2026-10-02T15:39:11.937375+00:00,02458484d80b53e449994b849707809810672861fd77799e6df6b2a6bf6a2822
UNRATE,2024-09-29,https://api.stlouisfed.org/fred/series/observations,2018-01-01,2024-09-29,2026-10-02T15:39:13.045237+00:00,7bed82d4b07f92c59069f2d0370f72c3af192afaa8a4fcd70313eda1721c1241
FEDFUNDS,2024-09-29,https://api.stlouisfed.org/fred/series/observations,2018-01-01,2024-09-29,2026-10-02T15:39:14.174155+00:00,12be8b9856dce4e3bf13b1c07ca5c075e974ba3c11c6fe7e2835c2699ddfdc00
A191RL1Q225SBEA,2024-09-29,https://api.stlouisfed.org/fred/series/observations,2018-01-01,2024-09-29,2026-10-02T15:39:15.809824+00:00,12d6d515dd55db794cb88dd2fddaeecd7a19ebc142bd264a678dbda11d760813
CPIAUCSL,2024-10-27,https://api.stlouisfed.org/fred/series/observations,2018-01-01,2024-10-27,2026-10-02T15:39:16.940370+00:00,883f4ad9651c04fe65f31a5abd0884514d7e6ed8b5d5ace9469de33fa1559dd7
UNRATE,2024-10-27,https://api.stlouisfed.org/fred/series/observations,2018-01-01,2024-10-27,2026-10-02T15:39:18.065387+00:00,6873bec8d4ba99fe799356146197986723c1d10e39fb7cbdd1dec3c18749e90c
FEDFUNDS,2024-10-27,https://api.stlouisfed.org/fred/series/observations,2018-01-01,2024-10-27,2026-10-02T15:39:19.085947+00:00,f1e2f5eeda5eaee66850bf7f067d441361b2c64fda25bdc0c7b2f96e5fa253f5
A191RL1Q225SBEA,2024-10-27,https://api.stlouisfed.org/fred/series/observations,2018-01-01,2024-10-27,2026-10-02T15:39:20.519972+00:00,fc57d3ffccad9d138c12ec308c47c88cafc295f5e31b9359b6f4df3ecacca52d
CPIAUCSL,2024-11-24,https://api.stlouisfed.org/fred/series/observations,2018-01-01,2024-11-24,2026-10-02T15:39:21.648317+00:00,096a3622eb55f3509c0b8613694bb827d7db3d8255e52ac1abf4f9b876c45544
UNRATE,2024-11-24,https://api.stlouisfed.org/fred/series/observations,2018-01-01,2024-11-24,2026-10-02T15:39:22.680543+00:00,f82916765b766eb3489277f11a6bee2e58f3f34b5a6ef85fe1b8553c2feed88f
FEDFUNDS,2024-11-24,https://api.stlouisfed.org/fred/series/observations,2018-01-01,2024-11-24,2026-10-02T15:39:23.761828+00:00,e6933118014c2d711385fca96d54fd90bf70f0fe6c7a56f8050f284afd898ba6
A191RL1Q225SBEA,2024-11-24,https://api.stlouisfed.org/fred/series/observations,2018-01-01,2024-11-24,2026-10-02T15:39:24.925189+00:00,2ac79b68aa29d7383b8e16785348df96e3a550b3a8819f3149baa7f297def669
CPIAUCSL,2024-12-23,https://api.stlouisfed.org/fred/series/observations,2018-01-01,2024-12-23,2026-10-02T15:39:26.046241+00:00,396919010bcc1cff16e9199726b395c438c4d780480ae50309a320c79eb6b233
UNRATE,2024-12-23,https://api.stlouisfed.org/fred/series/observations,2018-01-01,2024-12-23,2026-10-02T15:39:27.175811+00:00,569d693c4637505450a0fd2d273d7debc0656505ca0629c7f0cd2c76981fd39e
FEDFUNDS,2024-12-23,https://api.stlouisfed.org/fred/series/observations,2018-01-01,2024-12-23,2026-10-02T15:39:28.311643+00:00,4e4f4ec17caf6a3db7feb1868f04585e083fd2ddc1dfd179e71aaa0d7b201fdf
A191RL1Q225SBEA,2024-12-23,https://api.stlouisfed.org/fred/series/observations,2018-01-01,2024-12-23,2026-10-02T15:39:29.532207+00:00,0ce97936a56ce05c1f02ca41c38963a515a398e9cd2381f48c7067887b1b2d8c
CPIAUCSL,2025-01-26,https://api.stlouisfed.org/fred/series/observations,2018-01-01,2025-01-26,2026-10-02T15:39:30.659763+00:00,07f7641614daeb1b2e80b34d176ce9dd060500e7e41f3ed8d32930916e2207a2
UNRATE,2025-01-26,https://api.stlouisfed.org/fred/series/observations,2018-01-01,2025-01-26,2026-10-02T15:39:31.884857+00:00,5d7c3b83cb4fa80c6f5177369cbf5e2b8c8ecccaf15419e1a1d58226ebda9fd5
FEDFUNDS,2025-01-26,https://api.stlouisfed.org/fred/series/observations,2018-01-01,2025-01-26,2026-10-02T15:39:33.015741+00:00,76803c117a4bf8bd8e63dc0c6ba4378bf923b41f7a881ad50b017a8792290d11
A191RL1Q225SBEA,2025-01-26,https://api.stlouisfed.org/fred/series/observations,2018-01-01,2025-01-26,2026-10-02T15:39:34.138825+00:00,8e0cb876280e695fffddc19ceeb3adbf447f2df863e619f7738126987289be26
CPIAUCSL,2025-02-24,https://api.stlouisfed.org/fred/series/observations,2018-01-01,2025-02-24,2026-10-02T15:39:35.367524+00:00,fac4a2ea46e24adbbe1c665ee3615a23ac87bc514761313a7b6bc94a75e4e5ea
UNRATE,2025-02-24,https://api.stlouisfed.org/fred/series/observations,2018-01-01,2025-02-24,2026-10-02T15:39:36.401860+00:00,89d12daeefeabd2e3ce5c3ed528ff08434422da403a18ec7b2c0d73ec6c8fb8c
FEDFUNDS,2025-02-24,https://api.stlouisfed.org/fred/series/observations,2018-01-01,2025-02-24,2026-10-02T15:39:37.518849+00:00,56319bf5e87811b0744c3070fdabf90669fafc29f1e7c6257b9330a76bd734f4
A191RL1Q225SBEA,2025-02-24,https://api.stlouisfed.org/fred/series/observations,2018-01-01,2025-02-24,2026-10-02T15:39:38.645208+00:00,2c6cef67321fa70f82fe2b40de9e0699c3b327dba8b4d57fe39c5a0f0016f432
CPIAUCSL,2025-03-24,https://api.stlouisfed.org/fred/series/observations,2018-01-01,2025-03-24,2026-10-02T15:39:39.873964+00:00,a643b573b33f0590300d2dcbf0056aefdda53f1089a44d8047601172deb4856d
UNRATE,2025-03-24,https://api.stlouisfed.org/fred/series/observations,2018-01-01,2025-03-24,2026-10-02T15:39:40.998482+00:00,85b048a7db1ed92b70daa2a0111074a696582ff20a59c24f82053ce3109bf58b
FEDFUNDS,2025-03-24,https://api.stlouisfed.org/fred/series/observations,2018-01-01,2025-03-24,2026-10-02T15:39:42.126367+00:00,1c381aa7c8f162dc003a3d0fdeb439818f9572a7fe7a5f39f7f53fa494634ff5
A191RL1Q225SBEA,2025-03-24,https://api.stlouisfed.org/fred/series/observations,2018-01-01,2025-03-24,2026-10-02T15:39:43.238648+00:00,0f8e9923b10ecc1176fea923d32c32bcbd30547aa11d8efc8e505c56689791e5
CPIAUCSL,2025-04-22,https://api.stlouisfed.org/fred/series/observations,2018-01-01,2025-04-22,2026-10-02T15:39:44.357501+00:00,f3e136cc50a81fb005d99ab4f46c2c83e039a9e7b0295aaaa179c6a66f0a4231
UNRATE,2025-04-22,https://api.stlouisfed.org/fred/series/observations,2018-01-01,2025-04-22,2026-10-02T15:39:45.509001+00:00,4b34072cfd649d74dd9b11fd2283abe98909373f5844418c32fab330b26af495
FEDFUNDS,2025-04-22,https://api.stlouisfed.org/fred/series/observations,2018-01-01,2025-04-22,2026-10-02T15:39:46.737501+00:00,fac38f736e8700af9cddbdecc2f3caab0d314265032d3246583a649b136a75a2
A191RL1Q225SBEA,2025-04-22,https://api.stlouisfed.org/fred/series/observations,2018-01-01,2025-04-22,2026-10-02T15:39:47.964246+00:00,0b0cdf38b0e8f94ae3a65e61b1229a18f7ddbf5d8412b9b1654da4ec67678d3e
CPIAUCSL,2025-05-20,https://api.stlouisfed.org/fred/series/observations,2018-01-01,2025-05-20,2026-10-02T15:39:49.091024+00:00,47559879ef28ec8acbfbea3f94a2168cbc963b88570b0c10ca5e8e33f7ed8744
UNRATE,2025-05-20,https://api.stlouisfed.org/fred/series/observations,2018-01-01,2025-05-20,2026-10-02T15:39:50.368103+00:00,26a04c771fdd942a6f69fb0849ea816364c6aee418a936ce29abd3abf555d968
FEDFUNDS,2025-05-20,https://api.stlouisfed.org/fred/series/observations,2018-01-01,2025-05-20,2026-10-02T15:39:51.445394+00:00,729eb9fa79983ee4f2b05ec5b89d21df8ccaf33dc73c81f69615777304cece1c
A191RL1Q225SBEA,2025-05-20,https://api.stlouisfed.org/fred/series/observations,2018-01-01,2025-05-20,2026-10-02T15:39:52.574671+00:00,3aaa6427bef42c965bd879af89356b04495f3c371c5a39711f94acccb8b8f0f6
CPIAUCSL,2025-06-19,https://api.stlouisfed.org/fred/series/observations,2018-01-01,2025-06-19,2026-10-02T15:39:53.798826+00:00,2961e1143437623a678a9b0a9093e8f2c9f6992ccdfaf9e1700bc47688913c4a
UNRATE,2025-06-19,https://api.stlouisfed.org/fred/series/observations,2018-01-01,2025-06-19,2026-10-02T15:39:54.928757+00:00,a4e2d6a672f4fcbce482924324dd8e3a9f61cba6189db899cfc4d466015eea42
FEDFUNDS,2025-06-19,https://api.stlouisfed.org/fred/series/observations,2018-01-01,2025-06-19,2026-10-02T15:39:56.057230+00:00,41d7ac852c500d57aba53c43bda9a1569d673c113085a702237c00db3c7543db
A191RL1Q225SBEA,2025-06-19,https://api.stlouisfed.org/fred/series/observations,2018-01-01,2025-06-19,2026-10-02T15:39:57.281624+00:00,f86a277229bc285265d618456d6f7c8d1e293f5ead43e8fd9b5a09ed5aa5d6f9
CPIAUCSL,2025-07-20,https://api.stlouisfed.org/fred/series/observations,2018-01-01,2025-07-20,2026-10-02T15:39:58.406294+00:00,e9bab8582c4bc7f8bf8c0aabd944d544b25b371759927f0ac487b283ac3ca997
UNRATE,2025-07-20,https://api.stlouisfed.org/fred/series/observations,2018-01-01,2025-07-20,2026-10-02T15:39:59.536784+00:00,1012a15e30fa75f321b240cfb9de2c274fd1c92ce0c13700f2b7480b54b8eafc
FEDFUNDS,2025-07-20,https://api.stlouisfed.org/fred/series/observations,2018-01-01,2025-07-20,2026-10-02T15:40:02.301145+00:00,c34f656f9fba7753268808a8b34afc2b72fa7561ca10099b0ff42a42265f8ac6
A191RL1Q225SBEA,2025-07-20,https://api.stlouisfed.org/fred/series/observations,2018-01-01,2025-07-20,2026-10-02T15:40:03.526590+00:00,18873c64ed45506979ef6d200dc3f479731d824df9bb3d148e82bcced8592416
CPIAUCSL,2025-08-17,https://api.stlouisfed.org/fred/series/observations,2018-01-01,2025-08-17,2026-10-02T15:40:04.757224+00:00,7758edb39b81bc6f7f7c779ec42ba9f054c6000d52a43dac034c45bc0031505d
UNRATE,2025-08-17,https://api.stlouisfed.org/fred/series/observations,2018-01-01,2025-08-17,2026-10-02T15:40:05.881651+00:00,93f3869ef1b54fec50e8dc86c2565f3b3fa65a15325f2de4beb7e2f994ad77ef
FEDFUNDS,2025-08-17,https://api.stlouisfed.org/fred/series/observations,2018-01-01,2025-08-17,2026-10-02T15:40:07.015562+00:00,762de6b0c0e70329cf887ccdcb9638188453ece84a079caeece78d5662800f4c
A191RL1Q225SBEA,2025-08-17,https://api.stlouisfed.org/fred/series/observations,2018-01-01,2025-08-17,2026-10-02T15:40:08.139614+00:00,8f0386e87ec0b863cef24b6d37427e98c8d20e350789553c442cf0b3d3535be3
CPIAUCSL,2025-09-15,https://api.stlouisfed.org/fred/series/observations,2018-01-01,2025-09-15,2026-10-02T15:40:09.262795+00:00,cd5b3b5e8f9e9b925486f0146e5472a49c2f5e0ef090c709e2d3dc3a22411e59
UNRATE,2025-09-15,https://api.stlouisfed.org/fred/series/observations,2018-01-01,2025-09-15,2026-10-02T15:40:10.491897+00:00,cc426d2925110c19d1b2620bd0eb120b3120143a1039479e887d3fb63215d74d
FEDFUNDS,2025-09-15,https://api.stlouisfed.org/fred/series/observations,2018-01-01,2025-09-15,2026-10-02T15:40:11.617335+00:00,c848e5b866f6d13ce12368a2fb34f45a3123fef2427cc3b508b4a0fbdb7ddeb9
A191RL1Q225SBEA,2025-09-15,https://api.stlouisfed.org/fred/series/observations,2018-01-01,2025-09-15,2026-10-02T15:40:12.716327+00:00,c01e21a73b1bce73239545890b3d2bb7d22639589ecc5c36c081b372b18096e3
CPIAUCSL,2025-10-13,https://api.stlouisfed.org/fred/series/observations,2018-01-01,2025-10-13,2026-10-02T15:40:13.769829+00:00,89fd8f5bde1792f2f9ca3188bf4d3a7f4073c801f371fae89e19ddeaf88a7107
UNRATE,2025-10-13,https://api.stlouisfed.org/fred/series/observations,2018-01-01,2025-10-13,2026-10-02T15:40:14.896507+00:00,f274f3a6c1a41b1d9bd5da9396fcf191ab7861744e9cb9b8b8319d007620a4f9
FEDFUNDS,2025-10-13,https://api.stlouisfed.org/fred/series/observations,2018-01-01,2025-10-13,2026-10-02T15:40:16.024528+00:00,2d6b91f836ac7ae374c49410cc919ba6fd106f2f985fe0e5042bf52f82b64202
A191RL1Q225SBEA,2025-10-13,https://api.stlouisfed.org/fred/series/observations,2018-01-01,2025-10-13,2026-10-02T15:40:17.148182+00:00,39cdfdbe852ec8dbfd444195b99e0c8c8e3a75536f720ce30d674a6bb79aa256
CPIAUCSL,2025-11-10,https://api.stlouisfed.org/fred/series/observations,2018-01-01,2025-11-10,2026-10-02T15:40:18.377248+00:00,6f81611c970541f9710c59a230347ca4a1aa0cd75706159b89f089c93f7761f5
UNRATE,2025-11-10,https://api.stlouisfed.org/fred/series/observations,2018-01-01,2025-11-10,2026-10-02T15:40:19.607676+00:00,bfe3febe7f2921036f301258badb224cffc128b721fc2550c90489e485f659fd
FEDFUNDS,2025-11-10,https://api.stlouisfed.org/fred/series/observations,2018-01-01,2025-11-10,2026-10-02T15:40:20.732898+00:00,727174ed08e0906f8c60885cfca72664bf4d88434a98580290838b03774063dd
A191RL1Q225SBEA,2025-11-10,https://api.stlouisfed.org/fred/series/observations,2018-01-01,2025-11-10,2026-10-02T15:40:21.858288+00:00,b4b565ec5b0b48b2982c4d55462df277770235a905b0815b82b6356e844f544f
CPIAUCSL,2025-12-09,https://api.stlouisfed.org/fred/series/observations,2018-01-01,2025-12-09,2026-10-02T15:40:23.092880+00:00,e1bb705faf67dace039dd9baa916e36be0e632319cff46e6dcc4093a11d81de6
UNRATE,2025-12-09,https://api.stlouisfed.org/fred/series/observations,2018-01-01,2025-12-09,2026-10-02T15:40:24.258546+00:00,7b92ec19619133a844b45e055a06efb833b3d0c97ced649e28b6de12ff8120eb
FEDFUNDS,2025-12-09,https://api.stlouisfed.org/fred/series/observations,2018-01-01,2025-12-09,2026-10-02T15:40:25.647987+00:00,c1cf1220fc58b761dae508a780b2b09b045844e816b5f07b5329d40a2d854659
A191RL1Q225SBEA,2025-12-09,https://api.stlouisfed.org/fred/series/observations,2018-01-01,2025-12-09,2026-10-02T15:40:26.876001+00:00,5e30bc9851a63ce64c8a6ed7ca3584f550ca5a558d504740874317e0af88f3c0
