dataset_version,market,symbol,company,research_sector,download_start,download_end_exclusive,first_price_date,last_price_date,row_count,file_name,file_size_bytes,sha256,adjusted_prices,source,collection_status,retrieved_at_utc,error
1.0.0,India,RELIANCE.NS,Reliance Industries,Energy,2019-01-01,2026-03-01,2019-01-01,2026-02-27,1771,RELIANCE_NS.csv,145853,69ea0e56664105b3365c5342f0ba905748b08ca0847d81598bae32e704d45653,True,Yahoo Finance via yfinance,collected,2026-09-05T06:20:21.286831+00:00,
1.0.0,India,TCS.NS,Tata Consultancy Services,Information Technology,2019-01-01,2026-03-01,2019-01-01,2026-02-27,1771,TCS_NS.csv,146989,2cbadb395293df709019bfa7689b6a5ae89b153bccfd9f7cf782f427fb228652,True,Yahoo Finance via yfinance,collected,2026-09-05T06:20:21.286831+00:00,
1.0.0,India,HDFCBANK.NS,HDFC Bank,Financials,2019-01-01,2026-03-01,2019-01-01,2026-02-27,1771,HDFCBANK_NS.csv,141479,f7f556b006297f4bc0bbad6f684af6d5a26b905de63791718969a75e8090ce0d,True,Yahoo Finance via yfinance,collected,2026-09-05T06:20:21.286831+00:00,
1.0.0,India,SUNPHARMA.NS,Sun Pharmaceutical Industries,Health Care,2019-01-01,2026-03-01,2019-01-01,2026-02-27,1771,SUNPHARMA_NS.csv,142745,cd7212c1b242c3190ad51b8c0dbd8e346e80cf05c4b0449d40a520bc18537cfa,True,Yahoo Finance via yfinance,collected,2026-09-05T06:20:21.286831+00:00,
1.0.0,India,HINDUNILVR.NS,Hindustan Unilever,Consumer Staples,2019-01-01,2026-03-01,2019-01-01,2026-02-27,1771,HINDUNILVR_NS.csv,146728,646d243c54390aa25c7de0fedf24932d8a624f2530c9e193524d3a970c44c2de,True,Yahoo Finance via yfinance,collected,2026-09-05T06:20:21.286831+00:00,
1.0.0,India,MARUTI.NS,Maruti Suzuki India,Consumer Discretionary,2019-01-01,2026-03-01,2019-01-01,2026-02-27,1771,MARUTI_NS.csv,147922,8f0bcefba062bebf8c05083e3045d30577059742a46c15f0617b380e41fdb8c4,True,Yahoo Finance via yfinance,collected,2026-09-05T06:20:21.286831+00:00,
1.0.0,India,LT.NS,Larsen & Toubro,Industrials,2019-01-01,2026-03-01,2019-01-01,2026-02-27,1771,LT_NS.csv,146301,38903d287db1c217a656c7b5778cb8417b56d4dfbb62fff9c536f2dcf2d64262,True,Yahoo Finance via yfinance,collected,2026-09-05T06:20:21.286831+00:00,
1.0.0,India,BHARTIARTL.NS,Bharti Airtel,Communication Services,2019-01-01,2026-03-01,2019-01-01,2026-02-27,1771,BHARTIARTL_NS.csv,142622,e3edc7c24060bc0eccb467c6982484e8345b5b77dfeb8ded5a18edc6fb866889,True,Yahoo Finance via yfinance,collected,2026-09-05T06:20:21.286831+00:00,
1.0.0,India,NTPC.NS,NTPC,Utilities,2019-01-01,2026-03-01,2019-01-01,2026-02-27,1771,NTPC_NS.csv,138672,2d09ed14f0d0d07e9c987fc1be830ad177257d39bdd7d0e4bc1d0b20e7be005f,True,Yahoo Finance via yfinance,collected,2026-09-05T06:20:21.286831+00:00,
1.0.0,India,ULTRACEMCO.NS,UltraTech Cement,Materials,2019-01-01,2026-03-01,2019-01-01,2026-02-27,1771,ULTRACEMCO_NS.csv,147041,8c942c93deee9d7ea3872475b0918b254a4c1e6193d708807bc6af4c76b59c0a,True,Yahoo Finance via yfinance,collected,2026-09-05T06:20:21.286831+00:00,
1.0.0,United States,MSFT,Microsoft,Information Technology,2019-01-01,2026-03-01,2019-01-02,2026-02-27,1799,MSFT.csv,143822,c7b163342722b8783b9892223a49da1cf71a7baa0d1632c02e8e56b9be493681,True,Yahoo Finance via yfinance,existing,2026-09-05T06:20:21.286831+00:00,
1.0.0,United States,JPM,JPMorgan Chase,Financials,2019-01-01,2026-03-01,2019-01-02,2026-02-27,1799,JPM.csv,141571,a499e4a03e1f933bbdc5094b2e89b019b6d87eed61f57546f0b51f24dd570728,True,Yahoo Finance via yfinance,collected,2026-09-05T06:20:21.286831+00:00,
1.0.0,United States,JNJ,Johnson & Johnson,Health Care,2019-01-01,2026-03-01,2019-01-02,2026-02-27,1799,JNJ.csv,142428,43269b4f17c64a41d64dd623599bfd0bbe48b74304f74638c838ea9a43be33f6,True,Yahoo Finance via yfinance,collected,2026-09-05T06:20:21.286831+00:00,
1.0.0,United States,XOM,Exxon Mobil,Energy,2019-01-01,2026-03-01,2019-01-02,2026-02-27,1799,XOM.csv,138837,42a6e9f0df0ddae7a6df116257625e8518a682e22ca7ab0caa16a496d5b3097d,True,Yahoo Finance via yfinance,collected,2026-09-05T06:20:21.286831+00:00,
1.0.0,United States,PG,Procter & Gamble,Consumer Staples,2019-01-01,2026-03-01,2019-01-02,2026-02-27,1799,PG.csv,141525,ecbb2da225059809c7ae8a037190847cc9cb9778debbea2c907773fb0b883ea2,True,Yahoo Finance via yfinance,collected,2026-09-05T06:20:21.286831+00:00,
1.0.0,United States,AMZN,Amazon,Consumer Discretionary,2019-01-01,2026-03-01,2019-01-02,2026-02-27,1799,AMZN.csv,142639,21fe2328fa13074281474f2ca0be07963a844858265d32b43ecca372831db36a,True,Yahoo Finance via yfinance,collected,2026-09-05T06:20:21.286831+00:00,
1.0.0,United States,CAT,Caterpillar,Industrials,2019-01-01,2026-03-01,2019-01-02,2026-02-27,1799,CAT.csv,142010,87a4edeaac9df4406297bd7a264e1662febf9253a0f86f76b162299e3c227f9f,True,Yahoo Finance via yfinance,collected,2026-09-05T06:20:21.286831+00:00,
1.0.0,United States,NEE,NextEra Energy,Utilities,2019-01-01,2026-03-01,2019-01-02,2026-02-27,1799,NEE.csv,135514,a38f6b7d866b5dfeb416f737de2bae129b26109426527534a3c0738c1e09c641,True,Yahoo Finance via yfinance,collected,2026-09-05T06:20:21.286831+00:00,
1.0.0,United States,AMT,American Tower,Real Estate,2019-01-01,2026-03-01,2019-01-02,2026-02-27,1799,AMT.csv,142108,48141e790afb920be19a56aeeafc1e584284621e7dff85f5f218719252c46780,True,Yahoo Finance via yfinance,collected,2026-09-05T06:20:21.286831+00:00,
1.0.0,United States,GOOGL,Alphabet,Communication Services,2019-01-01,2026-03-01,2019-01-02,2026-02-27,1799,GOOGL.csv,141386,2e9e35d030bb9032b648d78287a4fdb63584bafc98941490f88ec342c152e715,True,Yahoo Finance via yfinance,collected,2026-09-05T06:20:21.286831+00:00,
1.0.0,Singapore,D05.SI,DBS Group,Financials,2019-01-01,2026-03-01,2019-01-01,2026-02-27,1800,D05_SI.csv,135080,514b372012777c9e9afb981571886664f8c4827f941ba3af1782d2485c50ea8f,True,Yahoo Finance via yfinance,collected,2026-09-05T06:20:21.286831+00:00,
1.0.0,Singapore,Z74.SI,Singtel,Communication Services,2019-01-01,2026-03-01,2019-01-01,2026-02-27,1800,Z74_SI.csv,129540,b3b0d754adbba0285b0bd79af9cd1e2fa18d8d13a5f6d260e709ce3a9fcdc058,True,Yahoo Finance via yfinance,collected,2026-09-05T06:20:21.286831+00:00,
1.0.0,Singapore,C6L.SI,Singapore Airlines,Industrials,2019-01-01,2026-03-01,2019-01-01,2026-02-27,1800,C6L_SI.csv,127973,a313a8d8d3794a85ed601d40d35c219fa16e4782982f4df0f9e9c8f73e1f3be4,True,Yahoo Finance via yfinance,collected,2026-09-05T06:20:21.286831+00:00,
1.0.0,Singapore,C38U.SI,CapitaLand Integrated Commercial Trust,Real Estate,2019-01-01,2026-03-01,2019-01-01,2026-02-27,1800,C38U_SI.csv,129290,bf59897dc5469cc4e41bcdfcf4acdf91cbf8f59e97ed7b169cc1f1d3816cb889,True,Yahoo Finance via yfinance,collected,2026-09-05T06:20:21.286831+00:00,
1.0.0,Singapore,F34.SI,Wilmar International,Consumer Staples,2019-01-01,2026-03-01,2019-01-01,2026-02-27,1800,F34_SI.csv,128042,3a5a67592ea4036ecf3eb724732e1e507244658640ff865fcb36c1db3691bebd,True,Yahoo Finance via yfinance,collected,2026-09-05T06:20:21.286831+00:00,
1.0.0,Singapore,U96.SI,Sembcorp Industries,Utilities,2019-01-01,2026-03-01,2019-01-01,2026-02-27,1800,U96_SI.csv,127976,c2ab8b12550a2fad4dc17e48e7cc7e35e2aae84206f19a2a23dc7fff0bee5d5a,True,Yahoo Finance via yfinance,collected,2026-09-05T06:20:21.286831+00:00,
1.0.0,Singapore,BN4.SI,Keppel,Industrials,2019-01-01,2026-03-01,2019-01-01,2026-02-27,1800,BN4_SI.csv,128132,b5f14261e005c30dfcecaae9524d69f9badc7ee7800f7492759eee2a88978db1,True,Yahoo Finance via yfinance,collected,2026-09-05T06:20:21.286831+00:00,
1.0.0,Singapore,S68.SI,Singapore Exchange,Financials,2019-01-01,2026-03-01,2019-01-01,2026-02-27,1800,S68_SI.csv,129313,936f84b2ef9300f454b25968581d1cb47d882a3902343c998ff76801bcb14206,True,Yahoo Finance via yfinance,collected,2026-09-05T06:20:21.286831+00:00,
1.0.0,Singapore,S63.SI,ST Engineering,Industrials,2019-01-01,2026-03-01,2019-01-01,2026-02-27,1800,S63_SI.csv,127931,8e18902f0bb4755bb70f103bde5f06b5747a7d1f64739b2818e63fe922cf0bc5,True,Yahoo Finance via yfinance,collected,2026-09-05T06:20:21.286831+00:00,
1.0.0,Singapore,V03.SI,Venture Corporation,Information Technology,2019-01-01,2026-03-01,2019-01-01,2026-02-27,1800,V03_SI.csv,133755,e5deeaedff68eedd7d06158136093db3867b98f2c72aeeb9ae111f02235d4e36,True,Yahoo Finance via yfinance,collected,2026-09-05T06:20:21.286831+00:00,
1.0.0,Australia,BHP.AX,BHP Group,Materials,2019-01-01,2026-03-01,2019-01-02,2026-02-27,1812,BHP_AX.csv,136371,1cf7446e1e680f80b61d04a9640be56088dfa014a2413e42e23fbe4c5ccd112b,True,Yahoo Finance via yfinance,collected,2026-09-05T06:20:21.286831+00:00,
1.0.0,Australia,CBA.AX,Commonwealth Bank of Australia,Financials,2019-01-01,2026-03-01,2019-01-02,2026-02-27,1812,CBA_AX.csv,138135,06ea1ff9bd507d5fc85521a88931e3c70e9cd002439e7aaca555027314c6f8c3,True,Yahoo Finance via yfinance,collected,2026-09-05T06:20:21.286831+00:00,
1.0.0,Australia,CSL.AX,CSL,Health Care,2019-01-01,2026-03-01,2019-01-02,2026-02-27,1812,CSL_AX.csv,141766,494265af227d07dc4856608d0b732520cb03fc63f6a6e0790c259a5e5c1b89a8,True,Yahoo Finance via yfinance,collected,2026-09-05T06:20:21.286831+00:00,
1.0.0,Australia,WES.AX,Wesfarmers,Consumer Discretionary,2019-01-01,2026-03-01,2019-01-02,2026-02-27,1812,WES_AX.csv,135715,d2bf454ec3d7383af17ac8575e0a88c4663f01fb75b9c335977f83b8347c05a2,True,Yahoo Finance via yfinance,collected,2026-09-05T06:20:21.286831+00:00,
1.0.0,Australia,WOW.AX,Woolworths Group,Consumer Staples,2019-01-01,2026-03-01,2019-01-02,2026-02-27,1812,WOW_AX.csv,135897,7983e6eb4a862a94ef65b6e7b3be1a76cae849f3937d4f8baf56e5274ea97289,True,Yahoo Finance via yfinance,collected,2026-09-05T06:20:21.286831+00:00,
1.0.0,Australia,TLS.AX,Telstra Group,Communication Services,2019-01-01,2026-03-01,2019-01-02,2026-02-27,1812,TLS_AX.csv,130455,410e0ee49dce8e0617828e71922cd52a79d5376b6a228c8cc45bff8269cae026,True,Yahoo Finance via yfinance,collected,2026-09-05T06:20:21.286831+00:00,
1.0.0,Australia,GMG.AX,Goodman Group,Real Estate,2019-01-01,2026-03-01,2019-01-02,2026-02-27,1812,GMG_AX.csv,135938,48a57f0293c52e9c84dd0b595be7e8db89c1098c3a7d55ed135daa1dc1aeb0f6,True,Yahoo Finance via yfinance,collected,2026-09-05T06:20:21.286831+00:00,
1.0.0,Australia,TCL.AX,Transurban Group,Industrials,2019-01-01,2026-03-01,2019-01-02,2026-02-27,1812,TCL_AX.csv,135546,71820f8382a66f734777794ab34c86dd21338e55c2c28f59f819be8bbc86de62,True,Yahoo Finance via yfinance,collected,2026-09-05T06:20:21.286831+00:00,
1.0.0,Australia,STO.AX,Santos,Energy,2019-01-01,2026-03-01,2019-01-02,2026-02-27,1812,STO_AX.csv,129234,92fd76773c13b13f2f70fbcbf69ced856d4a34e3a833742b1a08bdacb60f79d3,True,Yahoo Finance via yfinance,collected,2026-09-05T06:20:21.286831+00:00,
1.0.0,Australia,ORG.AX,Origin Energy,Utilities,2019-01-01,2026-03-01,2019-01-02,2026-02-27,1812,ORG_AX.csv,129673,8cdc2ee063da9708202f53e47cc486109cacd4315cf564c17d7c635e9a9c735d,True,Yahoo Finance via yfinance,collected,2026-09-05T06:20:21.286831+00:00,
