symbol,split,observations,available,total_revenue_available,profit_margin_available,return_on_equity_available,return_on_assets_available,revenue_growth_available,earnings_growth_available,free_cash_flow_available,forward_pe_available,debt_to_equity_available
MSFT,train,38,38,38,38,38,38,38,38,38,0,0
MSFT,validation,13,13,13,13,13,13,13,13,13,0,0
MSFT,test,12,12,12,12,12,12,12,12,12,0,0
JPM,train,38,38,38,38,38,38,38,38,0,0,0
JPM,validation,13,13,13,13,13,13,13,13,0,0,0
JPM,test,12,12,12,12,12,12,12,12,0,0,0
JNJ,train,38,38,38,38,0,38,38,38,38,0,0
JNJ,validation,13,13,13,13,0,13,13,13,13,0,0
JNJ,test,12,12,12,12,0,12,12,12,12,0,0
XOM,train,38,38,38,38,38,38,38,26,38,0,0
XOM,validation,13,13,13,13,13,13,13,13,13,0,0
XOM,test,12,12,12,12,12,12,12,12,12,0,0
PG,train,38,38,38,38,0,38,38,38,38,0,0
PG,validation,13,13,13,13,0,13,13,13,13,0,0
PG,test,12,12,12,12,0,12,12,12,12,0,0
AMZN,train,38,38,38,38,38,38,38,38,0,0,0
AMZN,validation,13,13,13,13,13,13,13,1,0,0,0
AMZN,test,12,12,12,12,12,12,12,11,0,0,0
CAT,train,38,38,38,0,0,0,38,0,36,0,0
CAT,validation,13,13,13,0,0,0,13,0,13,0,0
CAT,test,12,12,12,0,0,0,12,0,12,0,0
NEE,train,38,38,38,38,38,38,38,38,0,0,0
NEE,validation,13,13,13,13,13,13,13,13,0,0,0
NEE,test,12,12,12,12,12,12,12,12,0,0,0
AMT,train,38,38,38,15,15,15,38,15,38,0,0
AMT,validation,13,13,13,0,0,0,13,0,13,0,0
AMT,test,12,12,12,0,0,0,12,0,12,0,0
GOOGL,train,38,38,38,38,38,38,38,38,38,0,0
GOOGL,validation,13,13,13,13,13,13,13,13,13,0,0
GOOGL,test,12,12,12,12,12,12,12,12,12,0,0
