symbol,cik,url,retrieved_at_utc,sha256,hash_recorded_at_utc,hash_origin,entity_name,source_url
MSFT,0000789019,https://data.sec.gov/api/xbrl/companyfacts/CIK0000789019.json,2026-10-02T07:49:40.035418+00:00,f8aae2965b20ad0df44bdf7ccbedf797d275b6b8dc030154a7a311361bb7246f,2026-10-02T07:57:20.181999+00:00,existing_cache_baseline,MICROSOFT CORPORATION,https://data.sec.gov/api/xbrl/companyfacts/CIK0000789019.json
JPM,0000019617,https://data.sec.gov/api/xbrl/companyfacts/CIK0000019617.json,2026-10-02T07:49:41.211642+00:00,be761b2cb6c71a31a1ffab0899e33a6627aedea049c35f319e8fd80feb6922f7,2026-10-02T07:57:20.312747+00:00,existing_cache_baseline,JPMORGAN CHASE & CO,https://data.sec.gov/api/xbrl/companyfacts/CIK0000019617.json
JNJ,0000200406,https://data.sec.gov/api/xbrl/companyfacts/CIK0000200406.json,2026-10-02T07:49:42.408288+00:00,7141c0c988fa1d30f779687b4c78ab561e19aa5990a58ad86a66467d0a783980,2026-10-02T07:57:20.401284+00:00,existing_cache_baseline,Johnson & Johnson,https://data.sec.gov/api/xbrl/companyfacts/CIK0000200406.json
XOM,0000034088,https://data.sec.gov/api/xbrl/companyfacts/CIK0000034088.json,2026-10-02T07:49:43.557402+00:00,9b95535419e5662e3deed01de803e83deead477a4c81316e1c45186368fdd8b8,2026-10-02T07:57:20.524821+00:00,existing_cache_baseline,Exxon Mobil Corporation,https://data.sec.gov/api/xbrl/companyfacts/CIK0000034088.json
PG,0000080424,https://data.sec.gov/api/xbrl/companyfacts/CIK0000080424.json,2026-10-02T07:49:45.214783+00:00,606ad7056b611e91cfab9f7568b747404405772add188600efa5ccda5824f3d8,2026-10-02T07:57:20.607563+00:00,existing_cache_baseline,The Procter & Gamble Company,https://data.sec.gov/api/xbrl/companyfacts/CIK0000080424.json
AMZN,0001018724,https://data.sec.gov/api/xbrl/companyfacts/CIK0001018724.json,2026-10-02T07:49:46.162121+00:00,7549fb68446eee40e1f50a166fa06b2d2ee6349e07c8553a4828757e032d3cd4,2026-10-02T07:57:20.693730+00:00,existing_cache_baseline,AMAZON COM INC,https://data.sec.gov/api/xbrl/companyfacts/CIK0001018724.json
CAT,0000018230,https://data.sec.gov/api/xbrl/companyfacts/CIK0000018230.json,2026-10-02T07:49:47.578161+00:00,01ddc6ffa741f0a7da440e2949b2ed19cec14fab35435a398e3f3d0100019715,2026-10-02T07:57:20.805653+00:00,existing_cache_baseline,CATERPILLAR INC,https://data.sec.gov/api/xbrl/companyfacts/CIK0000018230.json
NEE,0000753308,https://data.sec.gov/api/xbrl/companyfacts/CIK0000753308.json,2026-10-02T07:49:48.764513+00:00,99e84510f602363147dc6c83321aa76859e185d0807019d1efc9e0da60491954,2026-10-02T07:57:20.871740+00:00,existing_cache_baseline,NEXTERA ENERGY INC,https://data.sec.gov/api/xbrl/companyfacts/CIK0000753308.json
AMT,0001053507,https://data.sec.gov/api/xbrl/companyfacts/CIK0001053507.json,2026-10-02T07:49:49.964326+00:00,274a2cf2d92541f010690a4e13c29703d3b979fb0cc40e683f6236b218ab6048,2026-10-02T07:57:20.939815+00:00,existing_cache_baseline,AMERICAN TOWER CORP /MA/,https://data.sec.gov/api/xbrl/companyfacts/CIK0001053507.json
GOOGL,0001652044,https://data.sec.gov/api/xbrl/companyfacts/CIK0001652044.json,2026-10-02T07:49:51.367663+00:00,a017f26ee88cb4a639d1c1ddb06d53b4afe22f0ac89cabec7cd67c88919fe1c5,2026-10-02T07:57:21.014897+00:00,existing_cache_baseline,Alphabet Inc.,https://data.sec.gov/api/xbrl/companyfacts/CIK0001652044.json
